catchment,water_body,description
Hệ thống sông Ba,Sông Ea Mláh,"Sông Ea Mláh, còn viết là sông Ea Mlách, là phụ lưu bờ trái sông Ea Pa ( sông Ba ) trong hệ thống sông Ba. Sông Ba M'la chảy ở huyện Krông Pa tỉnh Gia Lai, Việt Nam."
Hệ thống sông Ba,Sông Cà Lúi,"Sông Cà Lúi là một phụ lưu của sông Ba. Sông Cà Lúi chảy qua các tỉnh Gia Lai và Phú Yên, Việt Nam."
Hệ thống sông Ba,Sông Con (Sơn Hòa),"Sông Con là một phụ lưu bên bờ trái của sông Đà Rằng trong hệ thống sông Ba. Sông Con chảy ở huyện Sơn Hòa tỉnh Phú Yên, Việt Nam."
Hệ thống sông Ba,Sông Con (Tây Hòa),"Sông Con là một phụ lưu bên bờ phải của sông Đà Rằng trong hệ thống sông Ba. Sông Con là ranh giới giữa huyện Sông Hinh và huyện Tây Hòa, tỉnh Phú Yên, Việt Nam."
Hệ thống sông Ba,Sông Đak Ha Way,"Sông Đak Ha Way là một con sông đổ ra sông Đak Pơ Kơ. Sông có chiều dài 52 km và diện tích lưu vực là 719 km². Sông Đắk Po Kor chảy qua các tỉnh Gia Lai, Bình Định."
Hệ thống sông Ba,Sông Đak Pơ Kơ,"Sông Đak Pơ Kơ là phụ lưu bên bờ trái của Sông Ba. Đak Pơ Kơ chảy ở huyện Tây Sơn tỉnh Bình Định, huyện Đak Pơ và Kông Chro tỉnh Gia Lai, Việt Nam."
Hệ thống sông Ba,Sông Đak Pờ Tó,"Đắk Pờ Tó, còn viết là Đăk P'Tó, là phụ lưu bờ phải sông Ea Pa trong hệ thống sông Ba. Đăk Pờ Tó chảy ở các huyện Mang Yang và Ia Pa tỉnh Gia Lai, Việt Nam."
Hệ thống sông Ba,Sông Đak Xa Wong,"Đăk Xa Wong là phụ lưu bên bờ phải của Sông Ba. Đăk Xa Wong chảy ở huyện Đak Pơ tỉnh Gia Lai, Việt Nam."
Hệ thống sông Ba,Sông Ea Sol,"Sông Ea Sol, tên khác: Suối Ea Y, là một phụ lưu bờ phải sông Ba A Yun. Sông Ea Sol chảy ở huyện Ea H'leo tỉnh Đắk Lắk và huyện Phú Thiện tỉnh Gia Lai, Việt Nam."
Hệ thống sông Ba,Sông Ea Bal,"Sông Ea Bal (các tên khác: sông Ia Bal, sông Ea Zin, sông Ea Znin tùy theo đoạn sông) là một phụ lưu bờ trái của Sông Ea Sol. Sông Ea Bal chảy qua các tỉnh Gia Lai và Đắk Lắk, Việt Nam."
Hệ thống sông Ba,Sông Ea Ko Nho,"Sông Ea Ko Nho là một con sông đổ ra Sông Ia Bal. Sông Ea Ko Nho chảy qua các tỉnh Gia Lai và Đắk Lắk, Việt Nam."
Hệ thống sông Ba,Sông Ea Kra,"Sông Ea Kra (tên khác: Suối Ea Kner ) là một con sông đổ ra Sông Ea Puich trong hệ thống sông Ba. Sông Ea Kra chảy qua các tỉnh Đắk Lắk và tỉnh Gia Lai, Việt Nam."
Hệ thống sông Ba,Sông Ea Rbol,"Sông Ea Rbol (tên khác: Sông Ea Rơ Ban, Sông Ea R'Bol ) là một phụ lưu bờ phải của sông Ba. Sông Ea Rbol chảy qua các tỉnh Đắk Lắk và tỉnh Gia Lai, Việt Nam."
Hệ thống sông Ba,Suối Ea Chro Tao,"Suối Ea Chro Tao là một phụ lưu của sông Ia Hiao trong hệ thống sông Ba. Suối Ea Chro Tao chảy ở các huyện Ea H'leo tỉnh Đắk Lắk và huyện Phú Thiện tỉnh Gia Lai, Việt Nam."
Hệ thống sông Ba,Suối Ea Ngao,"Suối Ea Ngao (tên khác: Suối Ea Ngẩu) là một phụ lưu ở bờ trái Sông Hinh. Suối Ea Ngao chảy qua các tỉnh Đắk Lắk và Phú Yên, Việt Nam."
Hệ thống sông Ba,Sông Ea Krông Hding,"Ea Krông Hding hay Ea Krông H'Ding, còn gọi là Ea Krông Jing, là phụ lưu bên bờ phải của Ea Krông H'Năng trong hệ thống sông Ba."
Hệ thống sông Ba,Sông Ea Puich,"Sông (suối) Ea Puich là phụ lưu bên bờ trái của Ea Krông H'Năng trong hệ thống sông Ba. Ea Puich chảy ở các huyện Krông Năng và Ea Kar tỉnh Đắk Lắk, Việt Nam."
Hệ thống sông Ba,Sông Ea Rsai,"Sông Ea Rsai, còn viết là Ea R'Sai, Ea RSai hay Ia Rsai, là phụ lưu bờ trái sông Ea Pa ( sông Ba ) trong hệ thống sông Ba. Sông Ea Rsai chảy ở huyện Krông Pa tỉnh Gia Lai, Việt Nam."
Hệ thống sông Ba,Sông Ea Thul,"Sông Ea Thul hay sông Ea Tul là phụ lưu bên bờ trái của sông Ea Pa (sông Ba) trong hệ thống sông Ba. Sông Ea Thul chảy ở huyện Kbang và Ia Pa tỉnh Gia Lai, Việt Nam."
Hệ thống sông Ba,Hồ Ayun Hạ,Hồ Ayun Hạ là hồ nước nhân tạo thuộc tỉnh Gia Lai.
Hệ thống sông Ba,Sông Ia Hiao,"Sông (suối) Ia Hiao, còn gọi là suối Ea Hiao, là phụ lưu bên bờ phải của Sông Ba A Yun trong hệ thống sông Ba. Sông Ia Hiao chảy ở huyện Ea H'leo tỉnh Đắk Lắk qua huyện Phú Thiện, tỉnh Gia Lai, Việt Nam."
Hệ thống sông Ba,Sông Ia Khe,"Sông (suối) Ia Khe, còn viết là Ia Khé, là phụ lưu bờ phải sông Ia Ayun trong hệ thống sông Ba. Sông Ia Khe chảy ở các huyện Chư Sê và Phú Thiện tỉnh Gia Lai, Việt Nam."
Hệ thống sông Ba,Sông Ia Pết,"Sông (suối) Ia Pết, còn viết là sông Ia Pett, là phụ lưu bờ phải sông Ia Ayun trong hệ thống sông Ba. Sông Ia Pết chảy ở các huyện Đak Đoa, Chư Sê tỉnh Gia Lai, Việt Nam."
Hệ thống sông Ba,Sông Krông Năng,"Sông Krông Năng hay sông Krông H'Năng là một phụ lưu của sông Ba chảy qua địa bàn ba tỉnh Đắk Lắk, Gia Lai và Phú Yên tại miền Trung Việt Nam."
Hệ thống sông Ba,Sông Ayun,"Sông Ayun là một phụ lưu của sông Ba, chảy hoàn toàn trên địa phận tỉnh Gia Lai, Việt Nam."
Hệ thống sông Ba,Sông Ba,"Sông Ba (phần thượng lưu gọi là Ea Pa, Ia Pa hay Krông Pa, phần hạ lưu gọi là sông Đà Rằng ) là con sông lớn nhất vùng ven biển miền Trung, chảy qua 3 tỉnh miền Trung Việt Nam là Kon Tum, Gia Lai và Phú Yên với diện tích lưu vực 13.900 km²."
Hệ thống sông Ba,Sông Hinh,"Sông Hinh là một phụ lưu cấp 1 phía hữu ngạn của sông Đà Rằng (sông Ba). Sông chảy qua huyện M'Drắk, tỉnh Đắk Lắk và huyện Sông Hinh, tỉnh Phú Yên."
Hệ thống sông Ba,Suối Ea D'Hông Reng,"Suối Ea D'Hông Reng là một con suối đổ ra Sông Krông Năng. Suối Ea D'Hông Reng chảy qua các tỉnh Đắk Lắk, Phú Yên."
Hệ thống sông Cửu Long,Sông Ba Lai,"Sông Ba Lai là một con sông lớn tại tỉnh Bến Tre, là ranh giới tự nhiên giữa cù lao An Hóa và cù lao Bảo."
Hệ thống sông Cửu Long,Sông Cổ Chiên,"• Cửa Cung Hầu : Châu Thành, Cầu Ngang, Trà Vinh"
Hệ thống sông Cửu Long,Sông Cửa Tiểu,"Sông Cửa Tiểu là một phân lưu của sông Tiền, chảy qua tỉnh Tiền Giang"
Hệ thống sông Cửu Long,Sông Cửu Long,Sông Cửu Long là tên gọi chung cho các phân lưu của sông Mê Kông chảy trên lãnh thổ Việt Nam.
Hệ thống sông Cửu Long,Sông Hàm Luông,Sông Hàm Luông là một phân lưu của sông Tiền chảy qua tỉnh Bến Tre.
Hệ thống sông Cửu Long,Sông Hậu,"Sông Hậu hay Hậu Giang, phía Campuchia gọi là Tonlé Bassac ( tiếng Khmer : ទន្លេបាសាក់ ), là một phân lưu của sông Mê Kông, chảy qua và Việt Nam."
Hệ thống sông Cửu Long,Kênh 10,"Kênh 10 là một con sông đổ ra Sông Hậu. Sông có chiều dài 56 km và diện tích lưu vực là km². Kênh 10 chảy qua các tỉnh Kiên Giang, An Giang."
Hệ thống sông Cửu Long,Kênh 12,"Kênh 12 là một con sông đổ ra Sông Ba Rài. Sông có chiều dài 32 km và diện tích lưu vực là km². Kênh 12 chảy qua các tỉnh Tiền Giang, Long An."
Hệ thống sông Cửu Long,Kênh 18,"Kênh 18 (tên khác: Kênh T4) là một con sông đổ ra Kênh Rạch Giá - Hà Tiên. Sông có chiều dài 27 km và diện tích lưu vực là km². Kênh 18 chảy qua các tỉnh Kiên Giang, An Giang."
Hệ thống sông Cửu Long,Kênh Ba Thê,"Kênh Ba Thê là một con sông đổ ra Sông Hậu. Sông có chiều dài 57 km và diện tích lưu vực là km². Kênh Ba Thê chảy qua các tỉnh Kiên Giang, An Giang."
Hệ thống sông Cửu Long,Kênh Cạnh Đền – Phó Sinh,"Kênh Cạnh Đền – Phó Sinh là một con kênh đổ ra Kênh Xáng Quản Lộ – Phụng Hiệp. Sông có chiều dài 21 km và diện tích lưu vực là km². Kênh Cạnh Đền – Phó Sinh chảy qua các tỉnh Bạc Liêu, Kiên Giang."
Hệ thống sông Cửu Long,Kênh Chắc Băng,"Kênh Chắc Băng (tên khác: Kênh Xáng Vĩnh Thuận) là một con sông đổ ra Sông Ông Đốc. Sông có chiều dài 33 km. Kênh Chắc Băng chảy qua các tỉnh Cà Mau, Kiên Giang."
Hệ thống sông Cửu Long,Kênh Chợ Hội,"Kênh Chợ Hội là một con sông đổ ra Kênh Xáng Quản Lộ - Phụng Hiệp. Sông có chiều dài 11 km và diện tích lưu vực là km². Kênh Chợ Hội chảy qua các tỉnh Bạc Liêu, Cà Mau."
Hệ thống sông Cửu Long,Kênh Chưng Bầu,Kênh Chưng Bầu là một con kênh đổ ra Sông Cái Bé. Kênh có chiều dài 37 km. Kênh Chưng Bầu chảy qua tỉnh Kiên Giang và thành phố Cần Thơ.
Hệ thống sông Cửu Long,Kênh Đờn Dang,"Kênh Đờn Dang là một con kênh đổ ra Kênh Ông Hiển. Kênh có chiều dài 42 km. Kênh Đờn Dang chảy qua các tỉnh Kiên Giang, An Giang, Cần Thơ."
Hệ thống sông Cửu Long,Kênh Láng Trâm,"Kênh Láng Trâm là một con sông đổ ra Kênh Xáng Cà Mau - Bạc Liêu. Sông có chiều dài 29 km và diện tích lưu vực là km². Kênh Láng Trâm chảy qua các tỉnh Bạc Liêu, Cà Mau."
Hệ thống sông Cửu Long,Kênh Ngã Ba,"Kênh Ngã Ba là một con kênh đổ ra Kênh Vĩnh Tế. Sông có chiều dài 31 km. Kênh Ngã Ba chảy qua các tỉnh Kiên Giang, An Giang."
Hệ thống sông Cửu Long,Kênh Ngan Dừa – Cầu Sập,"Kênh Ngan Dừa - Cầu Sập là một con sông đổ ra Kênh Xáng Cà Mau - Bạc Liêu. Sông có chiều dài 44 km và diện tích lưu vực là km². Kênh Ngan Dừa - Cầu Sập chảy qua các tỉnh Bạc Liêu, Sóc Trăng."
Hệ thống sông Cửu Long,Kênh Ngay,"Kênh Ngay (tên khác: Kênh số 1) là một con sông đổ ra Rạch Mọp. Sông có chiều dài 22 km và diện tích lưu vực là km². Kênh Ngay chảy qua các tỉnh Sóc Trăng, Hậu Giang."
Hệ thống sông Cửu Long,Kênh Ninh Phước 2,"Kênh Ninh Phước 2 là một con sông đổ ra Kênh Tri Tôn. Sông có chiều dài 17 km và diện tích lưu vực là km². Kênh Ninh Phước 2 chảy qua các tỉnh An Giang, Kiên Giang."
Hệ thống sông Cửu Long,Kênh Phước Xuyên,"Kênh Phước Xuyên (tên khác: Sông Thông Bình) là một con kênh đổ ra Kênh Dương Văn Dương. Kênh có chiều dài 49 km. Kênh Phước Xuyên chảy qua các tỉnh Đồng Tháp, Long An."
Hệ thống sông Cửu Long,Kênh Sóc Trăng,"Kênh Sóc Trăng (tên khác: Kênh Xáng) là một con kênh đổ ra Kênh Xáng Lớn. Kênh có chiều dài 27 km. Kênh Sóc Trăng chảy qua các tỉnh Sóc Trăng, Hậu Giang."
Hệ thống sông Cửu Long,Kênh Tám Chục Thước,"Kênh Tám Chục Thước (tên khác: Kênh 6) là một con kênh đổ ra Kênh Xáng Quản Lộ - Phụng Hiệp. Kênh có chiều dài 21 km. Kênh Tám Chục Thước chảy qua các tỉnh Bạc Liêu, Cà Mau, Kiên Giang."
Hệ thống sông Cửu Long,Kênh Tháp Mười,"Kênh Tháp Mười (tên khác: Kênh Nguyễn Văn Tiếp) là một con kênh đổ ra Sông Vàm Cỏ Tây. Kênh có chiều dài 93 km. Kênh Tháp Mười chảy qua các tỉnh Long An, Tiền Giang, Đồng Tháp."
Hệ thống sông Cửu Long,Kênh Thị Đội,"Kênh Thị Đội là một con kênh đổ ra Sông Cửa Lớn. Kênh có chiều dài 27 km. Kênh Thị Đội chảy qua các tỉnh Cần Thơ, Kiên Giang."
Hệ thống sông Cửu Long,Kênh Trà Ban,"Kênh Trà Ban (tên khác: Kênh Xáng Chùm) là một con kênh đổ ra Kênh Xáng Quản Lộ - Phụng Hiệp. Kênh có chiều dài 13 km. Kênh Trà Ban chảy qua các tỉnh Sóc Trăng, Hậu Giang."
Hệ thống sông Cửu Long,Kênh Tri Tôn,"Kênh Tri Tôn (tên khác: Kênh Vĩnh Tre) là một con kênh đổ ra Sông Hậu. Kênh có chiều dài 63 km. Kênh Tri Tôn chảy qua các tỉnh Kiên Giang, An Giang."
Hệ thống sông Cửu Long,Kênh Xáng Cà Mau – Bạc Liêu,"Kênh Xáng Cà Mau - Bạc Liêu là một con kênh đổ ra Sông Mỹ Thanh. Kênh có chiều dài 103 km. Kênh Xáng Cà Mau - Bạc Liêu chảy qua các tỉnh Bạc Liêu, Sóc Trăng, Cà Mau."
Hệ thống sông Cửu Long,Kênh Xáng Quản Lộ – Phụng Hiệp,"Kênh Xáng Quản Lộ – Phụng Hiệp là một con kênh đổ ra Sông Gành Hào. Kênh có chiều dài 121 km. Kênh Xáng Quản Lộ – Phụng Hiệp chảy qua các tỉnh Hậu Giang, Sóc Trăng, Bạc Liêu, Cà Mau."
Hệ thống sông Cửu Long,Kênh Xáng Xà No,"Kênh Xáng Xà No là một con kênh đổ ra Sông Cần Thơ. Kênh có chiều dài 39 km. Kênh Xáng Xà No chảy qua thành phố Cần Thơ và tỉnh Hậu Giang. Theo nguồn gốc địa danh, Xà No bắt đầu từ Srak No (xóm có cây Điên điển )."
Hệ thống sông Cửu Long,Kinh Tân Lập,"Kinh Tân Lập (tên khác: Kinh Ngay) là một con kênh đổ ra Sông Mỹ Thanh. Kênh có chiều dài 424 km và diện tích lưu vực là km². Kinh Tân Lập chảy qua các tỉnh Hậu Giang, Sóc Trăng."
Hệ thống sông Cửu Long,Sông Mỹ Tho,"Sông Mỹ Tho là một phân lưu của sông Tiền ở miền Nam Việt Nam, bắt đầu từ chỗ phân nhánh ở chót cù lao Minh, ngang Vĩnh Long cho đến cửa Đại (riêng đoạn từ cồn Tàu ra đến biển còn có tên là sông Cửa Đại )."
Hệ thống sông Cửu Long,Sông Nước Đục,"Sông Nước Đục là một con sông đổ ra Sông Cái Lớn. Sông có chiều dài 61 km và diện tích lưu vực là km². Sông Nước Đục chảy qua các tỉnh Hậu Giang, Kiên Giang."
Hệ thống sông Cửu Long,Phụ lưu số 8,"Phụ lưu số 8 là một con sông đổ ra sông Ea H'Leo. Sông có chiều dài 10 km và diện tích lưu vực là 24 km². Phụ lưu số 8 chảy qua các tỉnh Gia Lai, Đắk Lắk."
Hệ thống sông Cửu Long,Rạch Bàng,"Rạch Bàng (tên khác: Sông Càng Long, Sông An Trường) là một con sông đổ ra Sông Cổ Chiên. Sông có chiều dài 24 km và diện tích lưu vực là km². Rạch Bàng chảy qua các tỉnh Vĩnh Long, Trà Vinh."
Hệ thống sông Cửu Long,Rạch Ngã Ba Đình,"Rạch Ngã Ba Đình là một con sông đổ ra Sông Ngã Ba Cái Tàu. Sông có chiều dài 35 km và diện tích lưu vực là km². Rạch Ngã Ba Đình chảy qua các tỉnh Bạc Liêu, Kiên Giang."
Hệ thống sông Cửu Long,Rạch Ông Chưởng,"Rạch Ông Chưởng, còn được gọi là sông Ông Chưởng, Kênh Ông Chưởng, Lễ Công Giang, Ngư Ông Đà (tên chữ), Péam prêk chaufay (người Khmer gọi) ; là một con rạch tự nhiên tại tỉnh An Giang, Việt Nam."
Hệ thống sông Cửu Long,Rạch Tích Phu,"Rạch Tích Phu là một con sông đổ ra Sông Hậu. Sông có chiều dài 10 km và diện tích lưu vực là km². Rạch Tích Phu chảy qua các tỉnh Vĩnh Long, Trà Vinh."
Hệ thống sông Cửu Long,Rạch Trà Ngoa,"Rạch Trà Ngoa (tên khác: Kênh Long Hội) là một con sông đổ ra Sông Tam Bình. Sông có chiều dài 28 km và diện tích lưu vực là km². Rạch Trà Ngoa chảy qua các tỉnh Vĩnh Long, Trà Vinh."
Hệ thống sông Cửu Long,Rạch Vàm Lẽo,"Rạch Vàm Lẽo (tên khác: Rạch Cà Mau) là một con sông đổ ra Sông Bạc Liêu. Sông có chiều dài 38 km và diện tích lưu vực là km². Rạch Vàm Lẽo chảy qua các tỉnh Bạc Liêu, Sóc Trăng."
Hệ thống sông Cửu Long,Sông Ba Voi,"Sông Ba Voi là một con sông đổ ra Sông Cái Lớn. Sông có chiều dài 17 km và diện tích lưu vực là km². Sông Ba Voi chảy qua các tỉnh Hậu Giang, Kiên Giang."
Hệ thống sông Cửu Long,Sông Bảo Định,"Sông Bảo Định tục gọi là kênh Vũng Gù, là thủy lộ nối liền rạch Vũng Gù với rạch Mỹ Tho thuộc tỉnh Tiền Giang, Việt Nam. Thời chúa Nguyễn Phúc Chu, sông này chỉ là một con mương đào (hào), đến năm 1819 được vua Gia Long cho nạo vét và nó trở thành con kênh đào đầu tiên ở đồng bằng sông Cửu Long. Thời Pháp thuộc, sông Bảo Định lại là con kênh đầu tiên ở Nam Bộ được dùng phương tiện cơ giới là chiếc xáng múc để nâng cấp dòng chảy."
Hệ thống sông Cửu Long,Sông Cái Tàu,"Sông Cái Tàu (tên khác: Rạch Tiểu Dừa) là một con sông thuộc huyện U Minh, tỉnh Cà Mau, bắt nguồn từ con Sông Trẹm (địa phận Tắc Thủ) chạy dài đến ngã tư rạch Tiểu Dừa tiếp giáp xã Vân Khánh Tây, huyện An Minh, tỉnh Kiên Giang rồi đổ ra Vịnh Thái Lan. Sông có chiều dài 42 km, chảy qua các xã Khánh An, Nguyễn Phích, thị trấn U Minh, Khánh Hòa, Khánh Thuận và điểm cuối là Khánh Tiến."
Hệ thống sông Cửu Long,Sông Cái Vùng,"Sông Cái Vùng là một con sông đổ ra Sông Tiền. Sông có chiều dài 21 km và diện tích lưu vực là km². Sông Cái Vùng chảy qua các tỉnh Đồng Tháp, An Giang."
Hệ thống sông Cửu Long,Sông Ngã Ba Cái Tàu,"Sông Ngã Ba Cái Tàu là một con sông đổ ra Sông Cái Lớn. Sông có chiều dài 72 km và diện tích lưu vực là km². Sông Ngã Ba Cái Tàu chảy qua các tỉnh Bạc Liêu, Hậu Giang, Kiên Giang."
Hệ thống sông Cửu Long,Sông Ô Môn,Sông Ô Môn (tên khác: kênh Bà Đầm ) là một con sông đổ ra sông Hậu. Sông có chiều dài 52 km. Sông Ô Môn chảy qua tỉnh Kiên Giang và thành phố Cần Thơ.
Hệ thống sông Cửu Long,Sông Rạch Giá – Long Xuyên,"Sông Rạch Giá – Long Xuyên (tên khác: Sông Rạch Giá, Sông Thoại Sơn) là một con sông đổ ra Sông Hậu. Sông có chiều dài 68 km và diện tích lưu vực là km². Sông Rạch Giá – Long Xuyên chảy qua các tỉnh Kiên Giang, An Giang."
Hệ thống sông Cửu Long,Sông Rạch Sỏi,"Sông Rạch Sỏi (tên khác: Kênh Rạch Sỏi-Vàm Cống) là một con sông đổ ra Vịnh Thái Lan. Sông có chiều dài 60 km và diện tích lưu vực là km². Sông Rạch Sỏi chảy qua các tỉnh Kiên Giang, An Giang, Cần Thơ."
Hệ thống sông Cửu Long,Sông Sa Đéc,"Sông Sa Đéc là một con sông chảy từ Sông Hậu và đổ ra Sông Tiền. Sông có chiều dài 51 km và diện tích lưu vực là km². Sông Sa Đéc chảy qua các tỉnh An Giang, Đồng Tháp, Vĩnh Long và Tiền Giang."
Hệ thống sông Cửu Long,Sông Sở Thượng,"Sông Sở Thượng ( Preak Kaoh Sampŏu ) còn gọi là rạch Sở Thượng, là đoạn hạ lưu của Preak Banam, chảy dọc theo biên giới Việt Nam-Campuchia theo hướng tây bắc-đông nam đổ vào sông (rạch) Hồng Ngự để hợp lưu vào sông Tiền Giang tại thành phố Hồng Ngự. Sông Sở Thượng là con sông biên giới, phân chia giữa tỉnh Đồng Tháp của Việt Nam và tỉnh Prey Veng của Campuchia. Thượng nguồn của Sở Thượng, (sông) Preak Banam là một phân lưu của sông Mekong (Tiền Giang), nhận nước của Mekong từ thị trấn Peam Ro huyện Peam Ro tỉnh Prey Veng (cuối cùng lại đổ vào Mekong tại Hồng Ngự). Bờ bắc sông Sở Thượng là xã Kaoh Sampov của huyện Peam Chor tỉnh Prey Veng. Bờ nam sông là các xã Thường Thới Hậu A, Thường Thới Hậu B của huyện Hồng Ngự tỉnh Đồng Tháp. Sông Sở Thượng đổ nước vào rạch Hồng Ngự tại xã Tân Hội của thành phố Hồng Ngự. Sở Thượng cùng sông Sở Hạ (chảy theo hướng đông bắc-tây nam lại) hợp lưu vào rạch Hồng Ngự. Đồng thời 2 sông này đều là các sông biên giới của Đồng Tháp với Campuchia."
Hệ thống sông Cửu Long,Sông Thốt Nốt,"Sông Thốt Nốt là một con sông đổ ra Sông Hậu. Sông có chiều dài 53 km và diện tích lưu vực là km². Sông Thốt Nốt chảy qua các tỉnh Cần Thơ, Kiên Giang."
Hệ thống sông Cửu Long,Sông Vàm Nao,"Sông Vàm Nao (do gọi trại từ tiếng Khmer là pãm pênk nàv ) là một dòng sông tại tỉnh An Giang, nối sông Tiền với sông Hậu, có vai trò quan trọng đối với đồng bằng sông Cửu Long về mặt thủy lợi và giao thông vận tải. Ngoài ra, Vàm Nao còn nổi tiếng vì từng là nơi ""nước xoáy tròn"", là nơi xảy ra trận thủy chiến khốc liệt giữa quân Việt và quân Xiêm vào cuối năm 1833 và còn vì các đặc sản như cá hô, cá bông lau, đây là dòng sông nổi tiếng vì có các loài cá có kích thước lớn sinh sống trước đây."
Hệ thống sông Cửu Long,Sông Tiền,Sông Tiền hay Tiền Giang là tên gọi của dòng chính sông Mê Kông khi chảy vào lãnh thổ Việt Nam.
Hệ thống sông Đồng Nai,Sông Bé,"Sông Bé là một con sông chảy qua các tỉnh Đắk Nông, Bình Phước, Bình Dương và Đồng Nai.Thượng lưu sông Bé còn có tên khác là sông Đăk G'lun."
Hệ thống sông Đồng Nai,Sông Đa Nhim,"Sông Đa Nhim chảy qua các huyện Đơn Dương, Đức Trọng và đổ vào sông Đa Dâng gần thác Pongour."
Hệ thống sông Đồng Nai,Sông Đồng Tranh,"Sông Đồng Tranh là tên của hai con sông tại huyện Cần Giờ, Thành phố Hồ Chí Minh, đều thuộc hệ thống sông Đồng Nai."
Hệ thống sông Đồng Nai,Đa M'bri,"Đa M'bri là dòng suối, phụ lưu cấp 2 của sông Đồng Nai, chảy ở các huyện Bảo Lâm, Đạ Huoai và Bảo Lộc, tỉnh Lâm Đồng, Việt Nam."
Hệ thống sông Đồng Nai,Sông Đa S'Răng,"Sông Đa S'Răng hay Da S' Răng là một con sông đổ ra sông La Ngà. Sông Đa S'Răng chảy qua các tỉnh Lâm Đồng và Bình Thuận, Việt Nam."
Hệ thống sông Đồng Nai,Sông Đa Sê Pô,"Sông Đa Sê Pô hay Dac Sé Po là một con sông đổ ra sông Đa Huoai. Đa Sê Pô chảy qua các tỉnh Lâm Đồng và Bình Thuận, Việt Nam."
Hệ thống sông Đồng Nai,Suối Đắk Oa,"Suối Đắk Oa, còn viết là Đăk Wa, là phụ lưu của Sông Đắk R' Lấp trong Hệ thống sông Đồng Nai. Suối chảy ở huyện Bù Đăng tỉnh Bình Phước, Việt Nam."
Hệ thống sông Đồng Nai,Suối Đắk Nia,"Sông Đắk Nia hay suối Đắk Nia, còn viết là Đắk Nir, Đắk Ninh, là dòng suối chảy ở thành phố Gia Nghĩa tỉnh Đắk Nông, Việt Nam."
Hệ thống sông Đồng Nai,Sông Đắk Nông,"Sông Đắk Nông hay suối Đắk Nông là phụ lưu cấp 1 của sông Đồng Nai, chảy ở huyện Đắk Song và thành phố Gia Nghĩa tỉnh Đắk Nông, Việt Nam."
Hệ thống sông Đồng Nai,Sông Đồng Nai,"Sông Đồng Nai là con sông nội địa dài nhất Việt Nam, lớn thứ 2 Nam Bộ về lưu vực, chỉ sau sông Cửu Long. Sông Đồng Nai chảy qua các tỉnh Lâm Đồng, Đắk Nông, Bình Phước, Đồng Nai, Bình Dương, Thành phố Hồ Chí Minh với chiều dài 586 km và lưu vực 38.600 km²."
Hệ thống sông Đồng Nai,Kênh Xáng Lớn,Kênh Xáng Lớn (tên khác: Kênh An Hạ) là một con kênh đổ ra Sông Vàm Cỏ. Kênh có chiều dài 27 km. Kênh Xáng Lớn chảy qua tỉnh Long An và Thành phố Hồ Chí Minh.
Hệ thống sông Đồng Nai,Sông La Ngà,"Sông La Ngà là tên một con sông ở miền Nam Trung Bộ, Việt Nam, là phụ lưu cấp I của sông Đồng Nai. Sử nhà Nguyễn gọi sông này là La Nga ( tiếng Trung : 羅俄 )."
Hệ thống sông Đồng Nai,Sông Lòng Tàu,"Sông Lòng Tàu, còn được gọi là Lòng Tảo là một phân lưu của sông Đồng Nai chảy qua huyện Cần Giờ và đổ vào vịnh Gành Rái."
Hệ thống sông Đồng Nai,Sông Nhà Bè,Sông Nhà Bè là một đoạn sông ngắn thuộc hệ thống sông Đồng Nai.
Hệ thống sông Đồng Nai,Rạch Bà Đăng,Rạch Bà Đăng là một con sông đổ ra Sông Đồng An. Sông có chiều dài 3 km và diện tích lưu vực là km². Rạch Bà Đăng chảy qua tỉnh Long An và Thành phố Hồ Chí Minh.
Hệ thống sông Đồng Nai,Rạch Bà Lào,"Rạch Bà Lào (tên khác: Rạch Xã Tờn ) là một con rạch đổ ra sông Cần Giuộc. Rạch có chiều dài 12 km, chảy qua hai huyện Bình Chánh, Nhà Bè thuộc Thành phố Hồ Chí Minh và huyện Cần Giuộc thuộc tỉnh Long An."
Hệ thống sông Đồng Nai,Rạch Bé,"Rạch Bé (tên khác: Suối Phê, Suối Ba, Suối Pa Pếch) là một con suối đổ ra Suối Rạc. Sông có chiều dài 47 km và diện tích lưu vực là 119 km². Rạch Bé chảy qua các tỉnh Bình Phước, Bình Dương."
Hệ thống sông Đồng Nai,Rạch Dơi – Sông Kinh,"Rạch Dơi – Sông Kinh, hay còn gọi là sông Đồng Điền, là một con sông đổ ra sông Soài Rạp, có chiều dài 9 km. Con sông này chảy qua Thành phố Hồ Chí Minh và tỉnh Long An."
Hệ thống sông Đồng Nai,Rạch Giồng,Rạch Giồng là một con sông đổ ra Sông Soài Rạp. Sông có chiều dài 12 km và diện tích lưu vực là km². Rạch Giồng chảy qua tỉnh Long An và Thành phố Hồ Chí Minh.
Hệ thống sông Đồng Nai,Rạch Tra,Rạch Tra là một con sông đổ ra Sông Sài Gòn. Sông có chiều dài 44 km và diện tích lưu vực là km². Rạch Tra chảy qua Thành phố Hồ Chí Minh và tỉnh Tây Ninh.
Hệ thống sông Đồng Nai,Sông Soài Rạp,Sông Soài Rạp hay Xoài Rạp là một phân lưu của hệ thống sông Sài Gòn - sông Đồng Nai.
Hệ thống sông Đồng Nai,Sông Sài Gòn,"Sông Sài Gòn là một phụ lưu của sông Đồng Nai ở Nam Bộ Việt Nam. Sông dài 251 km, bắt nguồn từ tỉnh Bình Phước, chảy qua các tỉnh Tây Ninh, Bình Dương, Thành phố Hồ Chí Minh rồi hợp lưu với sông Đồng Nai."
Hệ thống sông Đồng Nai,Sông Cam Ly,"Sông Cam Ly (còn được gọi là suối Cam Ly ) là một phụ lưu của sông Đa Dâng trên địa bàn tỉnh Lâm Đồng, Việt Nam."
Hệ thống sông Đồng Nai,Sông Cầu Be,Sông Cầu Be (tên khác: Sông Đa Kai) là một con sông đổ ra Sông La Ngà.
Hệ thống sông Đồng Nai,Sông Chợ Đệm – Bến Lức,"Sông Chợ Đệm – Bến Lức là một con sông chảy qua địa bàn Thành phố Hồ Chí Minh và tỉnh Long An, thông ra sông Vàm Cỏ Đông. Đây là một tuyến đường thủy quan trọng từ Thành phố Hồ Chí Minh về các tỉnh thành vùng Đồng bằng sông Cửu Long."
Hệ thống sông Đồng Nai,Sông Đa Dâng,"Sông Đa Dâng (còn được viết là Đa Deung hay Đa Dung ) là dòng thượng nguồn của sông Đồng Nai trên địa bàn tỉnh Lâm Đồng, Việt Nam."
Hệ thống sông Đồng Nai,Sông Đa Guoay,"Sông Đa Guoay, tên khác: sông Da Huoai, sông Da M'Bri, là một con sông đổ ra sông Đồng Nai. Sông Đa Guoay chảy qua các tỉnh Đồng Nai, Lâm Đồng, Bình Thuận."
Hệ thống sông Đồng Nai,Sông Đa Guy,"Sông Đa Guy (tên khác: Sông Da Guy) là một con sông đổ vào sông Đa Huoai. Sông Đa Guy chảy qua các tỉnh Đồng Nai, Lâm Đồng."
Hệ thống sông Đồng Nai,Sông Đa Huoai,Sông Đa Huoai hay Sông Đa Hoai là một phụ lưu cấp 1 của sông Đồng Nai. Sông có chiều dài 47 km và diện tích lưu vực là 389 km².
Hệ thống sông Đồng Nai,Sông Đắk B' Lấp,"Sông Đắk B' Lấp (tên khác: Sông Đắk Noh) là một con sông đổ ra Sông Đắk R' Lấp. Sông Đắk B' Lấp chảy qua các tỉnh Bình Phước, Đắk Nông, Việt Nam."
Hệ thống sông Đồng Nai,Sông Đắk Đo,"Sông Đắk Đo là một con sông đổ vào Sông Đắk Huýt. Sông Đắk Đo chảy qua các tỉnh Bình Phước, Đắk Nông."
Hệ thống sông Đồng Nai,Sông Đăk G'lun,"Sông Đăk G'lun, có khi viết là Đắk G'lun, Dak G'lun hay Đắk G'lum, Đắk Lung, là một dòng thượng nguồn của sông Bé trong hệ thống sông Đồng Nai."
Hệ thống sông Đồng Nai,Sông Đắk Huýt,"Sông Đắk Huýt (tên khác: Sông Prek Đắk Hươp, Sông Prêk Đắk Dang) là một con sông đổ ra Sông Bé. Sông Đắk Huýt chảy qua các tỉnh Bình Phước, Đắk Nông."
Hệ thống sông Đồng Nai,Sông Đắk Kar,"Sông Đắk Kar là một con sông đổ ra Đắk R'Keh. Sông Đắk Kar chảy qua các tỉnh Bình Phước, Đắk Nông"
Hệ thống sông Đồng Nai,Sông Đắk Lua,"Sông Đắk Lua là một con sông đổ ra Sông Đồng Nai. Sông có chiều dài 39 km và diện tích lưu vực là 208 km². Sông Đắk Lua chảy qua các tỉnh Đồng Nai, Bình Phước.."
Hệ thống sông Đồng Nai,Sông Đắk N'Drung,"Sông Đắk N'Drung hay suối Đắk N'Drung là một con sông thuộc hệ thống sông Đồng Nai, chảy ở huyện Đắk Song và Tuy Đức tỉnh Đắk Nông, Việt Nam."
Hệ thống sông Đồng Nai,Sông Đắk R' Keh,"Sông Đắk R' Keh (tên khác: sông Đắk Anh Kống ) là một con sông đổ ra sông Đồng Nai. Sông Đắk R' Keh chảy qua các tỉnh Bình Phước, Đắk Nông."
Hệ thống sông Đồng Nai,Sông Đắk R' Lấp,Sông Đắk R' Lấp (tên khác: Sông Đắk NBLiêng) là một con sông đổ ra Sông Bé. Sông có chiều dài 123 km và diện tích lưu vực là 1.085 km².
Hệ thống sông Đồng Nai,Sông Đăk R'me,"Sông Đăk R'me, còn viết là Đắk R'me, Đắk R'Ké, là phụ lưu của Sông Đăk G'lun ở thượng nguồn Sông Bé. Sông Đăk R'me chảy qua các tỉnh Bình Phước, Đắk Nông."
Hệ thống sông Đồng Nai,Sông Đăk R'me Nhỏ,Sông Đăk R'me Nhỏ là một con sông đổ ra Sông Đăk R'me. Sông Đăk R'me Nhỏ chảy qua các tỉnh Bình Phước và Đắk Nông.
Hệ thống sông Đồng Nai,Sông Đắk Ru,"Sông Đắk Ru là một con sông đổ ra Sông Đắk Kar. Sông Đắk Ru chảy qua các tỉnh Bình Phước, Đắk Nông."
Hệ thống sông Đồng Nai,Sông Đắk Soi,"Sông Đắk Soi là một con sông đổ ra Sông Đắk Huýt. Sông Đắk Soi chảy qua các tỉnh Bình Phước, Đắk Nông."
Hệ thống sông Đồng Nai,Sông Gò Gia,Sông Gò Gia là một con sông đổ ra Sông Cái Mép. Sông Gò Gia chảy qua tỉnh Đồng Nai và Thành phố Hồ Chí Minh.
Hệ thống sông Đồng Nai,Sông Mã Đà,"Sông Mã Đà là một con sông đổ ra Sông Bé. Sông có chiều dài 99 km và diện tích lưu vực là 600 km². Sông Mã Đà chảy qua các tỉnh Đồng Nai, Bình Phước, Bình Dương."
Hệ thống sông Đồng Nai,Sông Ngã Bảy,"Sông Ngã Bảy là một con sông ngắn tại huyện Cần Giờ, Thành phố Hồ Chí Minh, Việt Nam."
Hệ thống sông Đồng Nai,Sông Nước Trong (Đồng Nai),"Sông Nước Trong là một con sông đổ ra Sông Bé. Sông Nước Trong chảy qua các tỉnh Bình Phước, Bình Dương."
Hệ thống sông Đồng Nai,Sông Tắc Cua,Sông Tắc Cua là một con sông đổ ra Sông Ba Gioi. Sông Tắc Cua chảy qua tỉnh Đồng Nai và Thành phố Hồ Chí Minh.
Hệ thống sông Đồng Nai,Sông Thị Tính,"Sông Thị Tính (tên khác: Suối Bà Vã ) là một con sông đổ ra Sông Sài Gòn. Sông Thị Tính chảy qua các tỉnh Bình Phước, Bình Dương."
Hệ thống sông Đồng Nai,Suối Cầu Vạc,"Suối Cầu Vạc (tên khác: Suối Le) là một con suối đổ ra Sông Thị Vải. Suối có chiều dài 27 km và diện tích lưu vực là 99 km². Suối Cầu Vạc chảy qua các tỉnh Đồng Nai, Bà Rịa - Vũng Tàu."
Hệ thống sông Đồng Nai,Suối Chết,"Suối Chết là một con suối đổ ra Suối Gia Huỳnh. Suối có chiều dài 26 km và diện tích lưu vực là 131 km². Suối Chết chảy qua các tỉnh Đồng Nai, Bình Thuận."
Hệ thống sông Đồng Nai,Suối Đá Vàng,"Suối Đá Vàng là một con suối đổ ra Suối Cầu Vạc. Suối có chiều dài 10 km và diện tích lưu vực là 17 km². Suối Đá Vàng chảy qua các tỉnh Đồng Nai, Bà Rịa - Vũng Tàu."
Hệ thống sông Đồng Nai,Suối Đắk R'Tih,"Đăk R’tih hay Đắk R’tih là phụ lưu cấp 2 của sông Đồng Nai, chảy ở huyện Tuy Đức tỉnh Đắk Nông, Việt Nam."
Hệ thống sông Đồng Nai,Suối Đôi,"Suối Đôi là một con suối đổ ra Sông Mã Đà. Suối có chiều dài 18 km và diện tích lưu vực là 50 km². Suối Đôi chảy qua các tỉnh Bình Phước, Bình Dương."
Hệ thống sông Đồng Nai,Suối Đồng Sặt,"Suối Đồng Sặt là một con suối đổ ra Sông Đắk Lua. Suối có chiều dài 17 km và diện tích lưu vực là 46 km². Suối Đồng Sặt chảy qua các tỉnh Đồng Nai, Bình Phước."
Hệ thống sông Đồng Nai,Suối Gia Huynh,"Suối Gia Huynh là một con suối đổ ra Sông La Ngà. Suối có chiều dài 32 km và diện tích lưu vực là 300 km². Suối Gia Huỳnh chảy qua các tỉnh Đồng Nai, Bình Thuận."
Hệ thống sông Đồng Nai,Suối Giai,"Suối Giai là một con suối đổ ra Sông Bé. Suối có chiều dài 39 km và diện tích lưu vực là 143 km². Suối Giai chảy qua các tỉnh Bình Phước, Bình Dương."
Hệ thống sông Đồng Nai,Suối Nam,"Suối Nam là một con suối đổ ra Sông Đắk Lua. Suối có chiều dài 11 km và diện tích lưu vực là 45 km². Suối Nam chảy qua các tỉnh Đồng Nai, Bình Phước."
Hệ thống sông Đồng Nai,Suối Ông Thành,"Suối Ông Thành (tên khác: Suối Xóm Hồ) là một con suối đổ ra Sông Thị Tính. Suối có chiều dài 10 km và diện tích lưu vực là 32 km². Suối Ông Thành chảy qua các tỉnh Bình Phước, Bình Dương."
Hệ thống sông Đồng Nai,Suối Rạc,"Suối Rạt (tên khác: Suối Ra) là một con suối đổ ra Sông Bé. Suối có chiều dài 106 km và diện tích lưu vực là 616 km². Suối Rạc chảy qua các tỉnh Bình Phước, Bình Dương."
Hệ thống sông Đồng Nai,Suối Sóc,"Suối Sóc là một con suối đổ ra Sông Thị Vải. Suối có chiều dài 17 km và diện tích lưu vực là 18 km². Suối Sóc chảy qua các tỉnh Đồng Nai, Bà Rịa - Vũng Tàu."
Hệ thống sông Đồng Nai,Suối Tà Mông,"Suối Tà Mông (tên khác: suối Lấp) là một con suối đổ ra Sông Sài Gòn. Suối có chiều dài 26 km và diện tích lưu vực là 122 km². Suối Tà Mông chảy qua các tỉnh Bình Phước, Bình Dương."
Hệ thống sông Đồng Nai,Suối Thi,"Suối Thi (tên khác: sông Đang Sách, sông Da R'Sas) là một con suối đổ ra Sông La Ngà. Suối có chiều dài 35 km và diện tích lưu vực là 212 km². Suối Thi chảy qua các tỉnh Lâm Đồng, Bình Thuận."
Hệ thống sông Đồng Nai,Suối Thôn,"Suối Thôn (tên khác: suối Cái) là một con suối đổ ra Sông Bé. Suối có chiều dài 21 km và diện tích lưu vực là 127 km². Suối Thôn chảy qua các tỉnh Bình Phước, Bình Dương."
Hệ thống sông Đồng Nai,Thác Đắk G'Lun,"Thác Đắk G'Lun là thác nước trên dòng sông Đăk G'lun ở vùng đất Thôn 5 xã Quảng Tâm, Tuy Đức tỉnh Đắk Nông, Việt Nam."
Hệ thống sông Đồng Nai,Thủy điện Đăk Kar,"Thủy điện Đăk Kar là thủy điện xây dựng trên dòng sông Đăk Kar tại vùng giáp ranh xã Đăk Sin huyện Đăk R’lấp tỉnh Đắk Nông và xã Thọ Sơn huyện Bù Đăng tỉnh Bình Phước, Việt Nam."
Hệ thống sông Đồng Nai,Thủy điện Đăk Sin,"Thủy điện Đăk Sin là thủy điện xây dựng trên dòng suối Đăk R'Keh tại vùng đất xã Đăk Sin và Hưng Bình huyện Đăk R’lấp tỉnh Đắk Nông, Việt Nam."
Hệ thống sông Đồng Nai,Sông Vàm Cỏ,"Sông Vàm Cỏ là một dòng sông ở Nam Bộ, Việt Nam, thuộc hệ thống sông Đồng Nai. Sông này có khoảng 10 phụ lưu trong đó hai phụ lưu trực tiếp tạo nên dòng sông là sông Vàm Cỏ Đông và sông Vàm Cỏ Tây đều bắt nguồn từ tỉnh Prey Veng ( Campuchia ) rồi hợp lưu tại ngã ba Bần Quỳ ( Tân Trụ ). Sông Vàm Cỏ chảy theo hình chữ W từ tây sang đông và đổ nước vào sông Soài Rạp, cách cửa Soài Rạp khoảng 12 km. Tính từ chỗ ngã ba Vàm Cỏ Đông - Vàm Cỏ Tây đến ngã ba sông Soài Rạp, Vàm Cỏ dài 35,5 km. Sông Vàm Cỏ chảy trong địa phận tỉnh Long An (huyện Châu Thành ở hữu ngạn, huyện Cần Đước ở tả ngạn), đồng thời tạo thành ranh giới tự nhiên và ranh giới hành chính giữa hai tỉnh Long An (huyện Cần Đước ở tả ngạn) và Tiền Giang (thành phố Gò Công và huyện Gò Công Đông ở hữu ngạn)."
Hệ thống sông Đồng Nai,Sông Vàm Cỏ Đông,"Sông Vàm Cỏ Đông là một chi lưu của sông Vàm Cỏ, thuộc hệ thống sông Đồng Nai."
Hệ thống sông Đồng Nai,Sông Vàm Cỏ Tây,Sông Vàm Cỏ Tây là một con sông chảy qua địa bàn tỉnh Long An.
Hệ thống sông Bằng Giang,Sông Bằng Giang,"Sông Bằng, còn có tên gọi là sông Bằng Giang chảy qua tỉnh Cao Bằng, Việt Nam."
Hệ thống sông Bằng Giang,Sông Bản Thín,"Sông Bản Thín hay sông Ba Thín là phụ lưu của sông Kỳ Cùng, chảy ở tỉnh Lạng Sơn, Việt Nam."
Hệ thống sông Bằng Giang,Bắc Giang (sông Việt Nam),Sông Bắc Giang là một phụ lưu của sông Kỳ Cùng.
Hệ thống sông Bằng Giang,Sông Bắc Khê,"Sông Bắc Khê là một chi lưu nhỏ của sông Kỳ Cùng, bắt nguồn từ vùng giáp ranh hai tỉnh Cao Bằng, Lạng Sơn và chảy qua Thất Khê, huyện lị huyện Tràng Định (Lạng Sơn) rồi đổ vào sông Kỳ Cùng. Sông Bắc Khê có độ dài 54 km, diện tích lưu vực 801 km²"
Hệ thống sông Bằng Giang,Nậm Cung,"Nậm Cung là một phụ lưu của Sông Minh Khai. Nậm Cung chảy qua các tỉnh Cao Bằng và Bắc Kạn, Việt Nam."
Hệ thống sông Bằng Giang,Sông Hiến,"Sông Hiến là một sông phụ lưu của sông Bằng. Hệ thống sông Hiến chủ yếu nằm trên địa phận của tỉnh Cao Bằng, một phần nhỏ thuộc huyện Ngân Sơn của tỉnh Bắc Kạn.."
Hệ thống sông Bằng Giang,Sông Kỳ Cùng,Sông Kỳ Cùng là con sông chính của tỉnh Lạng Sơn và là phụ lưu tận cùng cực nam của hệ thống sông Tây Giang (Trung Quốc).
Hệ thống sông Bằng Giang,Sông Minh Khai,"Sông Minh Khai là phụ lưu của sông Hiến, chảy ở tỉnh Bắc Kạn và Cao Bằng, Việt Nam. Sông có chiều dài 58 km. Diện tích lưu vực là 447 km².."
Hệ thống sông Bằng Giang,Sông Nà Căng,"Sông Nà Căng là dòng thượng nguồn hợp thành của sông Bản Thín, chảy từ tỉnh Quảng Tây Trung Quốc vào huyện Lộc Bình tỉnh Lạng Sơn, Việt Nam."
Hệ thống sông Bằng Giang,Sông Nà Rì,"Sông Nà Rì hay Sông Na Rì là phụ lưu của sông Bắc Giang bắt nguồn từ vùng núi cao 850m của xã Yên Cư (huyện Chợ Mới) chảy theo hướng Tây Nam - Đông Bắc qua các xã Đổng Xá, Xuân Dương, Dương Sơn, Trần Phú, Văn Minh (huyện Na Rì, tỉnh Bắc Kạn ) và gặp sông Bắc Giang tại Pác Cáp, xã Sơn Thành, huyện Na Rì, tỉnh Bắc Kạn, Việt Nam."
Hệ thống sông Bằng Giang,Sông Tà Cáy,"Sông Tà Cáy, còn có tên là khuổi Các, là sông chảy ở các tỉnh Bắc Kạn và Cao Bằng, Việt Nam."
Hệ thống sông Bằng Giang,Suối Thả Cao,"Suối Thả Cao là một con suối chảy qua các tỉnh Cao Bằng và Lạng Sơn, Việt Nam."
Hệ thống sông Hương,Sông Hương,"Sông Hương hay Hương Giang ( Hán Nôm 香江, Chữ Nôm 瀧香) là con sông chảy qua quận Phú Xuân và quận Thuận Hóa thuộc thành phố Huế, miền Trung Việt Nam."
Hệ thống sông Hương,Sông Ba Ran,"Sông Ba Ran (tên khác: Khe Đá Mài) là một con sông đổ ra Sông Hương. Sông có chiều dài 31 km và diện tích lưu vực là 238 km². Sông Ba Ran chảy qua các tỉnh Thừa Thiên Huế, Đà Nẵng."
Hệ thống sông Hương,Sông Bồ,"Sông Bồ là con sông nhỏ ở phía bắc thành phố Huế., Việt Nam. Sông Bồ là một phụ lưu cấp 1 quan trọng phía tả ngạn của sông Hương."
Hệ thống sông Hương,Sông Hữu Trạch,"Sông Hữu Trạch là phụ lưu hợp thành của sông Hương, chảy ở thành phố Huế., Việt Nam."
Hệ thống sông Hương,Sông Ngự Hà,"Ngự Hà là dòng sông bán nhân tạo có hình chữ L, một phần được đào mới, một phần được uốn nắn từ con sông cũ, chảy từ mặt tây sang mặt đông trong Kinh thành Huế (nay thuộc thành phố Huế, tỉnh Thừa Thiên Huế, Việt Nam ). Vào những năm 2000, con sông này đã được đưa vào khu vực I - khoanh vùng bảo vệ di tích - di sản văn hóa Huế."
Hệ thống sông Hương,Sông Rào Trăng,"Sông Rào Trăng là một phụ lưu của sông Bồ, chảy ở huyện Phong Điền, tỉnh Thừa Thiên Huế, Việt Nam."
Hệ thống sông Hương,Sông Tả Trạch,"Sông Tả Trạch là phụ lưu hợp thành của sông Hương, chảy qua thành phố Đà Nẵng và thành phố Huế, Việt Nam."
Hệ thống sông Hồng,Hệ thống sông Hồng,"Hệ thống sông Hồng là một mạng lưới các con sông, tập hợp quanh con sông chính là sông Hồng, góp nước cho sông Hồng hoặc nhận nước của con sông này đổ ra Biển Đông. Hệ thống sông Hồng tạo nên phần lớn diện tích đồng bằng Bắc Bộ, một vùng bình nguyên tam giác châu thổ lớn thứ hai của Việt Nam. Cùng với hệ thống sông Thái Bình ở phần phía Đông Bắc đồng bằng Bắc Bộ, tạo nên đồng bằng này, đồng thời hệ thống sông Hồng còn được nối thông và góp một phần lưu lượng nước của mình cho hệ thống sông Thái Bình, do đó cả hai hệ thống sông này còn được biết tới với cái tên chung là Hệ thống sông Hồng và sông Thái Bình. Hệ thống sông Hồng bồi đắp nên phần trung tâm và phần phía Nam đồng bằng Bắc Bộ."
Hệ thống sông Hồng,Châu Giang (sông Việt Nam),"Sông Châu Giang, còn gọi là sông Châu, là một con sông thuộc hệ thống sông Hồng - sông Thái Bình của miền Bắc Việt Nam, nằm trọn trong địa phận tỉnh Hà Nam, Việt Nam."
Hệ thống sông Hồng,Sông Con (Hà Giang),"Sông Con là phụ lưu cấp 1 của sông Lô chảy ở tỉnh Hà Giang, Việt Nam."
Hệ thống sông Hồng,Nậm Cuổi (suối),"Nậm Cuổi hay Suối Cuổi là dòng suối chảy ở huyện Sìn Hồ tỉnh Lai Châu, Việt Nam."
Hệ thống sông Hồng,Nậm Dê,"Nậm Dê hay Nậm Giê là một phụ lưu của Nậm Mu, phụ lưu cấp 2 của sông Đà. Nậm Dê chảy ở huyện Tam Đường tỉnh Lai Châu, Việt Nam."
Hệ thống sông Hồng,Sông Diêm Hộ,"Sông Diêm Hộ, một con sông nhỏ thuộc hệ thống sông Hồng chảy trong tỉnh Thái Bình."
Hệ thống sông Hồng,Sông Đà,"Sông Đà (còn gọi là sông Bờ hay Đà Giang ) là phụ lưu lớn nhất của sông Hồng. Sông dài 927 km (có tài liệu ghi 983 km hoặc 910 km), diện tích lưu vực là 52.900 km². Dòng chính bắt nguồn từ núi Vô Lượng, tỉnh Vân Nam, Trung Quốc, chảy theo hướng Tây Bắc - Đông Nam để rồi nhập với sông Hồng ở Phú Thọ."
Hệ thống sông Hồng,Sông Đáy,"Sông Đáy, còn gọi là Hát Giang (喝江) là dòng sông chảy từ phía Tây Hà Nội, xuyên qua tỉnh Hà Nam rồi thành ranh giới giữa Ninh Bình và Nam Định trước khi đổ ra biển Đông tại cửa Đáy. Dòng sông chảy song song bên hữu ngạn hạ lưu sông Hồng và cũng là cửa sông lớn nhất của lưu vực sông Hồng."
Hệ thống sông Hồng,Sông Đuống,"Sông Đuống, tên chữ gọi là sông Thiên Đức hay Thiên Đức Giang, là một con sông dài 68 km, nối sông Hồng với sông Thái Bình. Sông Đuống là 1 nhánh chảy của sông Hồng, nhưng là phụ lưu của sông Thái Bình."
Hệ thống sông Hồng,Sông Gâm,"Sông Gâm, còn gọi là sông Gầm, là một phụ lưu của sông Lô bắt nguồn từ Quảng Tây, Trung Quốc chảy vào miền bắc Việt Nam."
Hệ thống sông Hồng,Sông Hà Hiệu,"Sông Hà Hiệu là phụ lưu của sông Năng trong mạng lưới sông Gâm, chảy ở huyện Ba Bể tỉnh Bắc Kạn, Việt Nam."
Hệ thống sông Hồng,Sông Hồng,"Sông Hồng (hay Hồng Hà, còn có các tên gọi khác là sông Cái, sông Cả, sông Thao, Nhị Hà, Nhĩ Hà ) là con sông có tổng chiều dài là 1.149 km bắt nguồn từ Vân Nam, Trung Quốc chảy qua miền Bắc Việt Nam và đổ ra vịnh Bắc Bộ, trên đất Việt Nam dài 556 km. Đây là dòng sông quan trọng của nền văn hóa lúa nước Việt Nam."
Hệ thống sông Hồng,Ngòi Hít,"Ngòi Hít là phụ lưu của Ngòi Sảo, phụ lưu cấp 2 của sông Lô. Ngòi Hít chảy ở huyện Bắc Quang tỉnh Hà Giang, Việt Nam."
Hệ thống sông Hồng,Huổi Hô,"Huổi Hô là một dòng suối đổ ra Nậm Dê. Huổi Hô chảy ở huyện Tam Đường tỉnh Lai Châu, Việt Nam."
Hệ thống sông Hồng,Khuổi Quãng,"Khuổi Quãng là một con sông đổ ra Sông Gâm. Khuổi Quãng chảy qua các tỉnh Tuyên Quang, Bắc Kạn."
Hệ thống sông Hồng,Sông Luộc,"Sông Luộc, xưa kia còn có tên chữ gọi là sông Hải Triều, sông Phổ Đà, Đà Lỗ, sông Lục Đức là một trong những con sông nối sông Hồng với sông Thái Bình."
Hệ thống sông Hồng,Suối Khuổi Luông,"Suối Khuổi Luông hoặc Ngòi Kim là một phụ lưu của Sông Con, phụ lưu cấp 2 của sông Lô. Khuổi Luông chảy qua các huyện Lục Yên tỉnh Yên Bái và huyện Bắc Quang, tỉnh Hà Giang, Việt Nam."
Hệ thống sông Hồng,Ngòi Mục,"Ngòi Mục là phụ lưu của Sông Lô, chảy ở huyện Hàm Yên tỉnh Tuyên Quang."
Hệ thống sông Hồng,Nậm Mạ (Lai Châu),"Nậm Mạ là một phụ lưu của sông Đà ở huyện Sìn Hồ tỉnh Lai Châu, Việt Nam."
Hệ thống sông Hồng,Sông Miện,"Sông Miện là phụ lưu cấp 1 bờ trái sông Lô ở tỉnh Hà Giang, Việt Nam."
Hệ thống sông Hồng,Sông Nam Định,"Sông Nam Định, với tên khác là sông Đào, là một phân lưu của sông Hồng và phụ lưu của sông Đáy. Nó đưa một phần nước của sông Hồng đổ vào sông Đáy và chảy ra Biển Đông. Toàn bộ chiều dài của sông là 33 km."
Hệ thống sông Hồng,Sông Năng,Sông Năng là một dòng sông tại miền bắc Việt Nam. Sông được hợp thành từ nhiều khe suối nhỏ thuộc hai huyện Bảo Lạc và Bảo Lâm của tỉnh Cao Bằng và huyện Pác Nặm thuộc tỉnh Bắc Kạn.
Hệ thống sông Hồng,Nậm Ban (Nậm Nhùn),"Nậm Ban là phụ lưu bờ phải của nậm Na, và là phụ lưu cấp 2 của sông Đà, chảy trong phạm vi xã Nậm Ban huyện Nậm Nhùn tỉnh Lai Châu, Việt Nam."
Hệ thống sông Hồng,Nậm Bum,"Nậm Bum là một phụ lưu ở bờ trái sông Đà, chảy ở huyện Mường Tè tỉnh Lai Châu, Việt Nam."
Hệ thống sông Hồng,Nậm Cấu,"Nậm Cấu là một suối chảy ở huyện Mường Tè tỉnh Lai Châu, Việt Nam.."
Hệ thống sông Hồng,Nậm Chà (sông),"Nậm Chà là một con sông chảy ở huyện Nậm Pồ tỉnh Điện Biên và huyện Nậm Nhùn tỉnh Lai Châu, Việt Nam."
Hệ thống sông Hồng,Nậm Chảy (suối),"Nậm Chảy là một suối trong lưu vực Nậm Thi trong Hệ thống sông Hồng, chảy ở huyện Mường Khương tỉnh Lào Cai, Việt Nam."
Hệ thống sông Hồng,Nậm Chăn,"Nậm Chăn, sông Minh Lương hay suối Chăn, nhiều văn liệu viết là sông Nậm Chăn, là đoạn thượng nguồn đổ vào ngòi Nhù, một phụ lưu cấp 1 của sông Hồng chảy ở huyện Văn Bàn tỉnh Lào Cai, Việt Nam."
Hệ thống sông Hồng,Nậm Chi,"Nậm Chi là một con sông đổ ra Nậm Mu. Sông có chiều dài 27 km và diện tích lưu vực là 92 km². Nậm Chi chảy qua các tỉnh Sơn La và Lai Châu, Việt Nam."
Hệ thống sông Hồng,Nậm Chim,"Nậm Chim là một sông nhỏ trong lưu vực của sông Đà ở tỉnh Điện Biên, Việt Nam."
Hệ thống sông Hồng,Nậm Chim (Bắc Yên),"Nậm Chim hay Suối Chim là phụ lưu nhỏ cấp 1 ở bờ trái sông Đà, chảy ở huyện Bắc Yên, tỉnh Sơn La, Việt Nam."
Hệ thống sông Hồng,Nậm Cộng,"Nậm Cộng là một phụ lưu của Nậm Sỏ, phụ lưu cấp 2 của Nậm Mu trong lưu vực sông Đà."
Hệ thống sông Hồng,Nậm Cơ,"Nậm Cơ là một con sông đổ ra Sông Đà. Sông có chiều dài 27 km và diện tích lưu vực là 111 km². Nậm Cơ chảy qua các tỉnh Sơn La, Điện Biên."
Hệ thống sông Hồng,Nậm Củm,"Nậm Củm là một phụ lưu cấp 1 ở bờ trái sông Đà, chảy ở huyện Mường Tè tỉnh Lai Châu, Việt Nam."
Hệ thống sông Hồng,Nậm Cúm,"Nậm Cúm là một phụ lưu của Nậm Na, thuộc thủy vực của sông Đà, chảy ở huyện Phong Thổ tỉnh Lai Châu, Việt Nam."
Hệ thống sông Hồng,Nậm Dẩn (suối),Nậm Dẩn là một con sông đổ ra Sông Chảy ở huyện Xín Mần tỉnh Hà Giang. Sông có chiều dài 15 km và diện tích lưu vực là 150 km².
Hệ thống sông Hồng,Nậm Giôn (sông),"Nậm Giôn là một phụ lưu của sông Đà, chảy ở huyện Quỳnh Nhai, tỉnh Sơn La, Việt Nam."
Hệ thống sông Hồng,Nậm He,"Nậm He là một phụ lưu tả ngạn của Nậm Lay, một nhánh phụ bên hữu ngạn sông Đà. Nậm He có lưu vực khoảng 300 km² chủ yếu thuộc địa phận các xã Chà Tở, Mường Tùng của huyện Mường Chà, phía bắc tỉnh Điện Biên, Việt Nam."
Hệ thống sông Hồng,Nậm Hồng,"Nậm Hồng là phụ lưu cấp 2 ở bờ trái sông Đà, chảy ở huyện Mường La tỉnh Sơn La, Việt Nam."
Hệ thống sông Hồng,Nậm Kè (sông),"Nậm Kè là một phụ lưu bờ phải sông Nậm Nhé thuộc lưu vực sông Đà, chảy ở xã Nậm Kè huyện Mường Nhé tỉnh Điện Biên, Việt Nam."
Hệ thống sông Hồng,Nậm Khắt (Mù Cang Chải),"Nậm Khắt là một phụ lưu cấp 1 của suối Chiến, cấp 2 của sông Đà, chảy ở huyện Mù Cang Chải tỉnh Yên Bái và huyện Mường La tỉnh Sơn La, Việt Nam."
Hệ thống sông Hồng,Nậm Khắt (Văn Bàn),"Nậm Khắt là dòng suối trong hệ thống sông Hồng, chảy ở huyện Văn Bàn tỉnh Lào Cai, Việt Nam."
Hệ thống sông Hồng,Nậm Khốt,"Nậm Khốt là một con sông đổ ra Nậm Mó. Sông có chiều dài 11 km và diện tích lưu vực là 34 km². Nậm Khốt chảy qua các tỉnh Yên Bái, Lai Châu."
Hệ thống sông Hồng,Nậm Kim,"Nậm Kim là một phụ lưu của Nậm Mu trong hệ thống sông Đà, chảy qua các huyện Mù Cang Chải tỉnh Yên Bái và huyện Than Uyên Lai Châu, Việt Nam."
Hệ thống sông Hồng,Nậm La,"Nậm La là một phụ lưu cấp 2 ở bờ phải sông Đà, chảy ở tỉnh Sơn La, Việt Nam. Nậm La có đoạn chảy qua thành phố Sơn La, và tên tỉnh ""Sơn La"" có nguồn gốc từ tên sông này."
Hệ thống sông Hồng,Nậm Là,"Nậm Là là phụ lưu cấp 1 ở bờ trái sông Đà, chảy ở tỉnh Vân Nam Trung Quốc và ở xã Ka Lăng huyện Mường Tè tỉnh Lai Châu, Việt Nam."
Hệ thống sông Hồng,Nậm Lang,"Nậm Lang là một dòng suối chảy ở huyên Yên Minh tỉnh Hà Giang, Việt Nam."
Hệ thống sông Hồng,Nậm Lay,"Nậm Lay là một phụ lưu bờ phải sông Đà, chảy ở huyện Mường Chà và thị xã Mường Lay tỉnh Điện Biên, Việt Nam."
Hệ thống sông Hồng,Nậm Lằn,"Nậm Lằn hay Suối Lằn là phụ lưu cấp 1 của Sông Đà, chảy ở huyện Mường Tè tỉnh Lai Châu, Việt Nam."
Hệ thống sông Hồng,Nậm Lăng,"Nậm Lăng là một con sông đổ ra Sông Bắc Cuông. Nậm Lăng chảy qua các tỉnh Lào Cai và Hà Giang, Việt Nam. Sông có chiều dài 12 km và diện tích lưu vực là 39 km²."
Hệ thống sông Hồng,Nậm Lúc (Bắc Hà),"Nậm Lúc là phụ lưu của Sông Chảy, chảy ở huyện Bắc Hà tỉnh Lào Cai, Việt Nam."
Hệ thống sông Hồng,Nậm Lùm,"Nậm Lùm là một phụ lưu của Nậm So trong lưu vực sông Đà, chảy ở huyện Phong Thổ tỉnh Lai Châu, Việt Nam."
Hệ thống sông Hồng,Nậm Mạ (Hà Giang),"Nậm Mạ là phụ lưu cấp 1 của sông Gâm chảy ở tỉnh Hà Giang, Việt Nam."
Hệ thống sông Hồng,Nậm Ma (Mường Tè),"Nậm Ma, có văn liệu viết là nậm Mạ, là phụ lưu cấp 1 của sông Đà chảy ở tỉnh Điện Biên và Lai Châu, Việt Nam."
Hệ thống sông Hồng,Nậm Mít,"Nậm Mít là phụ lưu cấp 2 của sông Đà, con sông đổ ra Nậm Mu. Nậm Mít chảy qua các tỉnh Lai Châu và Yên Bái, Việt Nam"
Hệ thống sông Hồng,Nậm Mó,"Nậm Mó, có văn liệu viết là Nậm Mở hay Nậm Mơ, là phụ lưu cấp 1 của Nậm Mu, phụ lưu cấp 2 của sông Đà, Việt Nam."
Hệ thống sông Hồng,Nậm Mo Phí,"Nậm Mo Phí, hay Suối Mo Phí, là một phụ lưu cấp 2 của sông Đà. Nậm Mo Phí chảy qua các tỉnh Lai Châu và Điện Biên, Việt Nam."
Hệ thống sông Hồng,Nậm Mu,"Nậm Mu là phụ lưu cấp 1 của Sông Đà, chảy ở các tỉnh Lai Châu và Sơn La, Việt Nam."
Hệ thống sông Hồng,Nậm Mu (suối),"Nậm Mu là một dòng suối, phụ lưu của sông Lô, chảy ở xã Tân Thành, Bắc Quang, tỉnh Hà Giang, Việt Nam."
Hệ thống sông Hồng,Nậm Mùa,"Nậm Mùa là phụ lưu cấp 2 của sông Đà, một con sông đổ ra Nậm Mu. Nậm Mùa chảy qua các tỉnh Sơn La và Lai Châu, Việt Nam."
Hệ thống sông Hồng,Nậm Mức,"Nậm Mức là một phụ lưu bờ phải sông Đà, chảy ở tỉnh Điện Biên, Việt Nam."
Hệ thống sông Hồng,Nậm Mỳ,"Nậm Mỳ là một con sông đổ ra Nậm Ngà, chảy tỉnh Lai Châu và Điện Biên, Việt Nam."
Hệ thống sông Hồng,Nậm Na,"Nậm Na là một phụ lưu cấp 1 của sông Đà, Việt Nam."
Hệ thống sông Hồng,Nậm Ngà,"Nậm Ngà là một con sông đổ ra Nậm Nhé. Sông có chiều dài 38 km và diện tích lưu vực là 206 km². Nậm Ngà chảy qua các tỉnh Lai Châu và Điện Biên, Việt Nam."
Hệ thống sông Hồng,Nậm Nhạt,"Nậm Nhạt là một con sông đổ ra Sông Đà. Nậm Nhạt chảy qua các tỉnh Lai Châu và Điện Biên, Việt Nam."
Hệ thống sông Hồng,Nậm Nhè,"Nậm Nhè là một con sông đổ ra Nậm Nhạt. Sông có chiều dài 96 km và diện tích lưu vực là 1.337 km². Nậm Nhè chảy qua các tỉnh Lai Châu, Điện Biên.."
Hệ thống sông Hồng,Nậm Nhé,"Nậm Nhé là một con sông thuộc lưu vực sông Đà, chảy ở huyện Mường Nhé tỉnh Điện Biên và huyện Nậm Nhùn tỉnh Lai Châu, Việt Nam."
Hệ thống sông Hồng,Nậm Nho,"Nậm Nho hay Nậm Nhọ là một suối chảy ở huyện Mường Tè tỉnh Lai Châu, Việt Nam."
Hệ thống sông Hồng,Nậm Pàn,"Nậm Pàn là một phụ lưu của sông Đà, chảy ở tỉnh Sơn La, Việt Nam."
Hệ thống sông Hồng,Nậm Păm (sông),"Nậm Păm là phụ lưu cấp 1 ở bờ trái sông Đà, chảy ở huyện Mường La tỉnh Sơn La, Việt Nam."
Hệ thống sông Hồng,Nậm Phàng,"Nậm Phàng là phụ lưu ở bờ trái sông Chảy, chảy ở huyện Bắc Hà tỉnh Lào Cai, Việt Nam."
Hệ thống sông Hồng,Nậm Phát,"Nậm Phát là một con sông đổ ra Nậm Chi. Sông có chiều dài 21 km và diện tích lưu vực là 37 km². Nậm Phát chảy qua các tỉnh Sơn La, Lai Châu."
Hệ thống sông Hồng,Nậm Pia,"Nậm Pia là phụ lưu cấp 1 ở bờ trái sông Đà, chảy ở huyện Mường La tỉnh Sơn La, Việt Nam."
Hệ thống sông Hồng,Nậm Pồ (sông),"Nậm Pồ là một phụ lưu của sông Đà chảy ở huyện Nậm Pồ tỉnh Điện Biên và huyện Nậm Nhùn, tỉnh Lai Châu."
Hệ thống sông Hồng,Nậm Sì Lường,"Nậm Sì Lường hay Nậm Xí Lùng là một suối chảy ở huyện Mường Tè tỉnh Lai Châu, Việt Nam."
Hệ thống sông Hồng,Nậm So,"Nậm So là một phụ lưu của Nậm Na trong lưu vực sông Đà, chảy ở huyện Phong Thổ và Tam Đường, tỉnh Lai Châu, Việt Nam."
Hệ thống sông Hồng,Nậm Ta Na,"Nậm Ta Na là một con suối đổ vào dòng nậm Pồ, chảy ở xã Chà Cang huyện Nậm Pồ tỉnh Điện Biên, Việt Nam."
Hệ thống sông Hồng,Nậm Thi,"Sông Nậm Thi trước đây còn gọi là ""sông Ngâu"" hay ""sông Ngưu"", tại Trung Quốc gọi là sông Nam Khê ( tiếng Trung : 南溪河 ; bính âm : Nánxī hé, Hán Việt : Nam Khê hà ) là một dòng sông bắt nguồn tại Vân Nam, Trung Quốc và tạo thành một đoạn biên giới tự nhiên giữa hai nước Trung Quốc-Việt Nam trước khi hợp lưu với sông Hồng tại cặp cửa khẩu quốc tế Lào Cai-Hà Khẩu."
Hệ thống sông Hồng,Nậm Ty (Điện Biên),"Nậm Ti hay Nậm Ty là một sông nhỏ ở huyện Điện Biên, tỉnh Điện Biên Việt Nam, trong lưu vực của sông Đà."
Hệ thống sông Hồng,Nậm Ty (Sơn La),"Nậm Ty là một phụ lưu cấp 1 của sông Mã, bắt nguồn từ vùng núi huyện Thuận Châu, chảy đến xã Nậm Ty, Sông Mã tỉnh Sơn La thì đổ vào sông Mã."
Hệ thống sông Hồng,Nậm Vàng,"Suối Nậm Vàng là phụ lưu cấp 1 của sông Gâm. Nậm Vàng chảy qua các tỉnh Hà Giang, Cao Bằng, Tuyên Quang."
Hệ thống sông Hồng,Nậm Xá,"Nậm Xá là phụ lưu cấp 2 ở bờ trái sông Đà, chảy ở huyện Mường La tỉnh Sơn La, Việt Nam."
Hệ thống sông Hồng,Nậm Xe (sông),"Nậm Xe là một con sông trong lưu vực Sông Đà, chảy ở xã Nậm Xe và Sin Suối Hồ huyện Phong Thổ tỉnh Lai Châu, Việt Nam."
Hệ thống sông Hồng,Ngòi Bo,"Ngòi Bo là một phụ lưu cấp 1 của sông Hồng chảy qua thị xã Sa Pa, xã Tòng Sành của huyện Bát Xát, thành phố Lào Cai và Bảo Thắng, tỉnh Lào Cai, Việt Nam."
Hệ thống sông Hồng,Ngòi Bùn,"Ngòi Bùn là một con sông đổ ra Sông Thao. Sông có chiều dài 12 km và diện tích lưu vực là 26 km². Ngòi Bùn chảy qua các tỉnh Yên Bái, Lào Cai."
Hệ thống sông Hồng,Ngòi Cáo Xóc,Ngòi Cáo Xóc là một con sông đổ ra Sông Chảy.
Hệ thống sông Hồng,Ngòi Chán,Ngòi Chán là một con sông đổ ra Suối Nhu.
Hệ thống sông Hồng,Ngòi Chỉ,"Ngòi Chỉ là phụ lưu của Sông Chảy, chảy qua các huyện Bảo Yên tỉnh Lào Cai và huyện Lục Yên tỉnh Yên Bái, Việt Nam"
Hệ thống sông Hồng,Ngòi Đum,"Ngòi Đum là phụ lưu cấp 1 của sông Hồng chảy ở tỉnh Lào Cai, Việt Nam."
Hệ thống sông Hồng,Ngòi Đường,"Ngòi Đường là một phụ lưu cấp 1 của sông Hồng chảy qua thành phố Lào Cai tỉnh Lào Cai, Việt Nam."
Hệ thống sông Hồng,Ngòi Giành,"Đoạn cuối của Ngòi Giành đổ ra sông Hồng ở ranh giới giữa xã Tuy Lộc (huyện Cẩm Khê) và xã Minh Côi (huyện Hạ Hòa) Ngòi Giành là phụ lưu của Sông Thao. Ngòi Giành chảy qua các tỉnh Yên Bái, Phú Thọ."
Hệ thống sông Hồng,Ngòi Hi,"Ngòi Hi là một con sông đổ ra Ngòi Sảo. Ngòi Hi chảy qua các tỉnh Hà Giang, Tuyên Quang."
Hệ thống sông Hồng,Ngòi Hút,"Ngòi Hút là một phụ lưu cấp 1 của sông Hồng, chảy ở các huyện phía tây tỉnh Yên Bái, Việt Nam."
Hệ thống sông Hồng,Ngòi Lao,"Ngòi Lao là phụ lưu cấp 1 ở bờ trái sông Hồng, chảy ở huyện Văn Chấn và Trấn Yên tỉnh Yên Bái, và huyện Hạ Hòa tỉnh Phú Thọ."
Hệ thống sông Hồng,Ngòi Lạt,"Ngòi Lạt là một con sông đổ ra Sông Đà. Ngòi Lạt chảy qua các tỉnh Phú Thọ, Hoà Bình."
Hệ thống sông Hồng,Ngòi Lâu,"Ngòi Lâu là phụ lưu cấp 1 ở bờ phải sông Hồng, chảy ở vùng đất tây nam huyện Trấn Yên tỉnh Yên Bái, Việt Nam.."
Hệ thống sông Hồng,Ngòi Nga,"Ngòi Nga là phụ lưu của Sông Chảy, chảy ở huyện Đoan Hùng tỉnh Phú Thọ và huyện Yên Bình tỉnh Yên Bái, Việt Nam."
Hệ thống sông Hồng,Ngòi Nhù,"Ngòi Nhù là một phụ lưu cấp 1 ở bờ phải sông Thao, chảy ở các huyện Văn Bàn, Văn Yên và Bảo Thắng tỉnh Lào Cai, Việt Nam."
Hệ thống sông Hồng,Ngòi Phát,"Ngòi Phát là phụ lưu cấp 1 của sông Hồng chảy ở huyện Bát Xát tỉnh Lào Cai, Việt Nam."
Hệ thống sông Hồng,Ngòi Quẵng,"Ngòi Quẵng hay ngòi Ba là một phụ lưu của sông Gâm, chảy từ tỉnh Hà Giang sang tỉnh Tuyên Quang."
Hệ thống sông Hồng,Ngòi Sen,"Ngòi Sen là phụ lưu của Sông Thao. Ngòi Sen chảy qua các tỉnh Yên Bái, Phú Thọ."
Hệ thống sông Hồng,Ngòi Thâu,Ngòi Thâu hay suối Thâu là phụ lưu của Sông Chảy. Ngòi Thâu chảy ở các huyện Quang Bình tỉnh Hà Giang và huyện Bảo Yên tỉnh Lào Cai.
Hệ thống sông Hồng,Ngòi Thia,"Ngòi Thia là một phụ lưu cấp 1 của sông Hồng, chảy ở các huyện phía tây tỉnh Yên Bái, Việt Nam."
Hệ thống sông Hồng,Ngòi Xan,"Ngòi Xan hay suối Quang Kim là phụ lưu của sông Hồng, chảy ở huyện Bát Xát tỉnh Lào Cai, Việt Nam."
Hệ thống sông Hồng,Sông Nhiệm,"Sông Nhiệm là một phụ lưu của sông Nho Quế, chảy trong hai huyện Yên Minh và Mèo Vạc tỉnh Hà Giang, Việt Nam."
Hệ thống sông Hồng,Sông Nho Quế,"Sông Nho Quế là một phụ lưu của sông Gâm. Sông bắt nguồn từ Trung Quốc có tên 南利河 Nán lì hé ( sông Nam Lợi ) hoặc 普梅河 Pǔ méi hé ( sông Phổ Mai ), khi chảy vào Việt Nam thì tạo ra một đoạn là biên giới Việt-Trung ở vùng cực bắc đất nước tại xã Lũng Cú và Má Lé, huyện Đồng Văn, sau đó chảy vào nội địa tỉnh Hà Giang."
Hệ thống sông Hồng,Sông Nhuệ,"Sông Nhuệ hay Nhuệ Giang là một con sông nhỏ, phụ lưu của sông Đáy. Sông dài khoảng 76 km, chảy ngoằn ngoèo gần như theo hướng bắc Tây Bắc-Nam Đông Nam qua địa phận thành phố Hà Nội và tỉnh Hà Nam."
Hệ thống sông Hồng,Sông Ninh Cơ,"Sông Ninh Cơ (còn gọi là Lạch Lác hay Cường Giang ) là một phân lưu ở hạ nguồn của sông Hồng chảy qua tỉnh Nam Định. Điểm bắt đầu của nó là nơi tiếp giáp hai xã Trực Chính (huyện Trực Ninh ) và Xuân Hồng (huyện Xuân Trường ). Nó chảy qua ranh giới hai huyện Trực Ninh, Xuân Trường, sau đó xuyên ngang qua huyện Trực Ninh rồi đổi hướng để tạo thành ranh giới tự nhiên giữa huyện này với huyện Nghĩa Hưng. Đoạn sau đó là ranh giới giữa hai huyện Nghĩa Hưng (phía tây) và Hải Hậu (phía đông), cuối cùng sông đổ ra cửa Lạch Giang (còn gọi là cửa Ninh Cơ) tại nơi tiếp giáp giữa xã Nghĩa Phúc (Nghĩa Hưng) và thị trấn Thịnh Long (Hải Hậu)."
Hệ thống sông Hồng,Sông Phó Đáy,"Sông Phó Đáy là một phụ lưu bên tả ngạn của sông Lô, có thượng lưu và trung lưu chảy trên địa bàn vùng núi và trung du phía Bắc, còn hạ lưu chảy trên địa bàn tỉnh Vĩnh Phúc."
Hệ thống sông Hồng,Phụ lưu số 1,"Phụ lưu số 1 là một con sông đổ ra Sông Thanh Hà. Sông có chiều dài 12 km và diện tích lưu vực là km². Phụ lưu số 1 chảy qua các tỉnh Hà Nội, Hòa Bình."
Hệ thống sông Hồng,Phụ lưu số 9,"Phụ lưu số 9 là một con sông đổ ra Sông Bùi. Sông có chiều dài 13 km và diện tích lưu vực là 20 km². Phụ lưu số 9 chảy qua các tỉnh Hà Nội, Hoà Bình."
Hệ thống sông Hồng,Ngòi Sảo,"Ngòi Sảo là một con sông đổ ra Sông Lô. Ngòi Sảo chảy qua các tỉnh Hà Giang, Tuyên Quang."
Hệ thống sông Hồng,Nậm Sỏ (sông),"Nậm Sỏ là một phụ lưu của Nậm Mu trong lưu vục sông Đà. Sông có chiều dài 40 km và diện tích lưu vực là 294 km². Nậm Sỏ chảy ở huyện Tân Uyên, Lai Châu, Việt Nam."
Hệ thống sông Hồng,Sông Bá Kết,"Sông Bá Kết hay sông Pạc Chí Hồ là một sông trong lưu vực Nậm Thi thuộc Hệ thống sông Hồng, chảy ở huyện Mường Khương tỉnh Lào Cai, Việt Nam."
Hệ thống sông Hồng,Sông Bạc,"Sông Bạc là phụ lưu cấp 2 của sông Lô, chảy ở huyện Hoàng Su Phì và Quang Bình tỉnh Hà Giang, Việt Nam."
Hệ thống sông Hồng,Sông Bắc Cuông,"Sông Bắc Cuông là một con sông đổ ra Sông Chảy. Sông có chiều dài 35 km và diện tích lưu vực là 216 km². Sông Bắc Cuông chảy qua các tỉnh Lào Cai, Hà Giang."
Hệ thống sông Hồng,Sông Bến Gò,"Sông Bến Gò là một con sông đổ ra Sông Bùi. Sông có chiều dài 22 km và diện tích lưu vực là 83 km². Sông Bến Gò chảy qua các tỉnh Hà Nội, Hoà Bình."
Hệ thống sông Hồng,Sông Bôi,"Sông Bôi là một con sông chảy qua 2 tỉnh Hòa Bình và Ninh Bình, sông là nhánh chính đổ vào sông Hoàng Long nên đôi khi nó cũng được gọi là sông Hoàng Long. Có 2 nguồn nước khoáng đổ vào thượng lưu và hạ lưu sông Bôi là nước khoáng Kim Bôi ( Hòa Bình và nước khoáng Kênh Gà ( Ninh Bình )."
Hệ thống sông Hồng,Sông Bùi,Sông Bùi là một con sông đổ ra Sông Đáy.
Hệ thống sông Hồng,Sông Bứa,"Sông Bứa là một con sông đổ ra Sông Thao. Sông có chiều dài 117 km và diện tích lưu vực là 1.355 km². Sông Bứa chảy qua các tỉnh Sơn La, Phú Thọ."
Hệ thống sông Hồng,Sông Can Bầu,"Sông Can Bầu (hay sông Canh Bầu, sông Đập ) là một phụ lưu của Sông Bôi (đồng thời cũng là phụ lưu cấp 2 của sông Hoàng Long, phụ lưu cấp 3 của sông Đáy ). Sông có chiều dài 31 km và diện tích lưu vực là 94 km². Sông Can Bầu chảy qua các tỉnh Hoà Bình dài 15,5 km và Ninh Bình dài 14,5 km."
Hệ thống sông Hồng,Sông Cầu Đầm,"Sông Cầu Đầm là một con sông đổ ra Sông Bùi. Sông có chiều dài 27 km và diện tích lưu vực là 107 km². Sông Cầu Đầm chảy qua các tỉnh Hà Nội, Hoà Bình."
Hệ thống sông Hồng,Sông Đất Dia,"Sông Đất Dia là một con sông đổ ra Sông Thao. Sông có chiều dài 17 km và diện tích lưu vực là 106 km². Sông Đất Dia chảy qua các tỉnh Yên Bái, Phú Thọ."
Hệ thống sông Hồng,Sông Hoàng (Việt Nam),"Sông Hoàng là con sông thuộc vùng đồng bằng Bắc Bộ, từng là con sông quan trọng chiến lược trong giao thông và phòng thủ. Ngày nay sông Hoàng chỉ là một đoạn sông đã bị bồi lấp và đã được cải tạo thành một con kênh thủy nông."
Hệ thống sông Hồng,Sông Hoàng Long,"Sông Hoàng Long là con sông lớn đồng thời là 1 trong 4 tuyến đường thủy quốc gia trên địa bàn tỉnh Ninh Bình. Sông Hoàng Long bắt đầu từ nơi hợp lưu giữa sông Bôi và sông Lạng tại Kênh Gà và đổ vào sông Đáy tại Gián Khẩu. Tuy sông Hoàng Long chỉ dài khoảng 25 km, nằm lọt trong vùng phân lũ thuộc ô trũng Nho Quan nhưng lưu vực sông Hoàng Long lại bao gồm nửa phía Bắc Ninh Bình ( Nho Quan, Gia Viễn, thành phố Hoa Lư ) và nửa phía Nam Hòa Bình (Kim Bôi, Lạc Thủy, Yên Thủy)."
Hệ thống sông Hồng,Sông Kiêng,"Sông Kiêng là một con sông đổ ra Sông Chảy. Sông có chiều dài 18 km và diện tích lưu vực là 49 km². Sông Kiêng chảy qua các tỉnh Yên Bái, Lào Cai."
Hệ thống sông Hồng,Sông Lô,"Sông Lô là phụ lưu cấp 1 ở tả ngạn sông Hồng, chảy từ Trung Quốc sang các tỉnh Hà Giang, Tuyên Quang, Phú Thọ và Vĩnh Phúc, Việt Nam."
Hệ thống sông Hồng,Sông Lũng Pô,"Sông Lũng Pô (龙脖河) tên Việt cổ gọi là Long Bồ/Bò (滝𤙭), là phụ lưu cấp 1 của sông Thao, chảy qua các tỉnh Lai Châu và Lào Cai, Việt Nam."
Hệ thống sông Hồng,Sông Neo,"Sông Neo là một sông ở tỉnh Cao Bằng, và là phụ lưu sông Gâm."
Hệ thống sông Hồng,Sông Nông Giang,"Sông Nông Giang là một con sông đổ ra Sông Châu Giang. Sông có chiều dài 25 km và diện tích lưu vực là km². Sông Nông Giang chảy qua các tỉnh Hà Nội, Hà Nam."
Hệ thống sông Hồng,Sông Sa Lung (Thái Bình),"Sông Sa Lung nằm ở bắc Thái Bình, dài gần 40 km, khởi nguồn từ sông Luộc tại cống Đào Thành xã Canh Tân, huyện Hưng Hà, sang huyện Đông Hưng, và tại xã Đông Quan thì nối vào sông Hoài, rồi đổ vào sông Trà Lý."
Hệ thống sông Hồng,Sông Sào Khê,"Sông Sào Khê là con sông nhánh nối giữa 2 sông Hoàng Long và sông Vân thuộc thành phố Hoa Lư, tỉnh Ninh Bình. Sông chảy qua khu di tích cố đô Hoa Lư và quần thể hang động Tràng An. Đây là một con sông được công nhận là di tích lịch sử văn hóa cấp quốc gia. Sông Sào Khê hiện được xây kè, nạo vét dòng chảy, tôn tạo cảnh quan để trở thành tuyến du lịch đường sông vào các danh thắng của quần thể di sản thế giới Tràng An."
Hệ thống sông Hồng,Sông Sắt,"Sông Sắt là một con sông tự nhiên, nằm trong hệ thống sông Đáy, chảy qua các huyện Bình Lục và Lý Nhân của tỉnh Hà Nam, Việt Nam. Sông có vai trò quan trọng trong việc cung cấp nước cho sản xuất nông nghiệp, đặc biệt là trong việc tưới tiêu cho các cánh đồng lúa, và cũng đóng vai trò trong giao thông thủy nội địa."
Hệ thống sông Hồng,Sông Thanh Hà,"Sông Thanh Hà là một con sông đổ ra Sông Đáy. Sông có chiều dài 19 km và diện tích lưu vực là km². Sông Thanh Hà chảy qua các tỉnh Hà Nội, Hòa Bình."
Hệ thống sông Hồng,Sông Vân,"Sông Vân (tên cổ sông Vân Sàng ) là một con sông nối sông Vạc với sông Đáy, chảy xuyên qua trung tâm thành phố Hoa Lư. Trước đây, sông Vân cùng với núi Thúy là biểu tượng văn hóa du lịch của thành phố Hoa Lư."
Hệ thống sông Hồng,Suối Ba Ta,"Suối Ba Ta là một con suối đổ ra Sông Nhiệm. Suối có chiều dài 24 km và diện tích lưu vực là 102 km². Suối Ba Ta chảy qua các tỉnh Hà Giang, Cao Bằng."
Hệ thống sông Hồng,Suối Bản Ngô,"Suối Bản Ngô là một con suối đổ ra Nậm Dần. Suối có chiều dài 12 km và diện tích lưu vực là 66 km². Suối Bản Ngô chảy qua các tỉnh Lào Cai, Hà Giang."
Hệ thống sông Hồng,Suối Cái,"Suối Cái là một con suối đổ ra Ngòi Lạt. Suối có chiều dài 16 km và diện tích lưu vực là 48 km². Suối Cái chảy qua các tỉnh Phú Thọ, Hoà Bình."
Hệ thống sông Hồng,Suối Cảng,"Suối Cảng là một con suối đổ ra Suối Tân. Suối có chiều dài 16 km và diện tích lưu vực là 67 km². Suối Cảng chảy qua các tỉnh Sơn La, Hoà Bình."
Hệ thống sông Hồng,Suối Cầu Kheo,"Suối Cầu Kheo là một con suối đổ ra Ngòi Quẵng. Suối có chiều dài 13 km và diện tích lưu vực là 85 km². Suối Cầu Kheo chảy qua các tỉnh Hà Giang, Tuyên Quang."
Hệ thống sông Hồng,Suối Chiến,"Suối Chiến hay nậm Chiến là một phụ lưu cấp 1 của sông Đà, chảy ở huyện Mường La tỉnh Sơn La, Việt Nam."
Hệ thống sông Hồng,Suối Cơi,"Suối Cơi là một con suối đổ ra Sông Bứa. Suối có chiều dài 23 km và diện tích lưu vực là 94 km². Suối Cơi chảy qua các tỉnh Sơn La, Phú Thọ."
Hệ thống sông Hồng,Suối Đầm Dài,"Suối Đầm Dài là một con suối đổ ra Sông Hồng. Suối có chiều dài 25 km và diện tích lưu vực là 105 km². Suối Đầm Dài chảy qua các tỉnh Phú Thọ, Hà Nội."
Hệ thống sông Hồng,Suối Kha Ứ,"Suối Kha Ứ là phụ lưu cấp 1 ở bờ phải sông Đà, chảy ở huyện Mường Tè tỉnh Lai Châu, Việt Nam."
Hệ thống sông Hồng,Suối Khoang,"Suối Khoang là một con suối đổ ra Sông Đà. Suối Khoang chảy qua các tỉnh Sơn La, Hoà Bình. Suối có chiều dài 30 km và diện tích lưu vực là 210 km²."
Hệ thống sông Hồng,Suối Muội (Mường Sại),"Suối Muội là một phụ lưu cấp 1 của sông Đà, chảy ở vùng xã Mường Sại huyện Quỳnh Nhai tỉnh Sơn La, Việt Nam."
Hệ thống sông Hồng,Suối Nà Thầy,"Suối Nà Thầy là một con suối đổ ra Suối Nậm Vàng. Suối Nà Thầy chảy qua các tỉnh Hà Giang, Tuyên Quang."
Hệ thống sông Hồng,Suối Nà Thin,"Suối Nà Thin là phụ lưu của Sông Gâm. Suối Nà Thin chảy qua các tỉnh Hà Giang, Tuyên Quang."
Hệ thống sông Hồng,Suối Pa Ma,"Suối Pa Ma hay huổi Pa Ma là một con suối đổ ra Nậm Ma. Suối Pa Ma chảy ở xã Chung Chải huyện Mường Nhé, tỉnh Điện Biên, Việt Nam."
Hệ thống sông Hồng,Suối Pắc Nhúng,"Suối Pắc Nhúng là một con suối đổ ra Sông Gâm. Suối có chiều dài 22 km và diện tích lưu vực là 121 km². Suối Pắc Nhúng chảy qua các tỉnh Hà Giang, Cao Bằng."
Hệ thống sông Hồng,Suối Sập (Phù Yên),"Suối Sập là một phụ lưu cấp 1 của sông Đà, chảy ở huyện Phù Yên và huyện Bắc Yên, tỉnh Sơn La, Việt Nam."
Hệ thống sông Hồng,Suối Sập (Yên Châu),"Suối Sập hay Nậm Sập hay suối Bó Sập là một phụ lưu cấp 1 của sông Đà, chảy ở thị xã Mộc Châu và huyện Yên Châu, tỉnh Sơn La, Việt Nam."
Hệ thống sông Hồng,Nậm Than,Nậm Than là một phụ lưu của Nậm Mít trong mạng lưới sông Đà. Sông có chiều dài 26 km và diện tích lưu vực là 121 km².
Hệ thống sông Hồng,Sông Thao,"Sông Thao (chữ Hánː 洮江) là dòng chính của sông Hồng, bắt nguồn từ Nguy Sơn, tỉnh Vân Nam, Trung Quốc, vào Việt Nam ở tỉnh Lào Cai, chảy đến ngã ba Hạc ở Việt Trì, tỉnh Phú Thọ thì hợp lưu với sông Đà và sông Lô. Tại Việt Nam, sông chảy qua các tỉnh Lào Cai, Yên Bái và Phú Thọ. Ngữ hệ Tày Thái gọi sông này là Nậm Tao gọi theo tiếng Việt là sông Thao."
Hệ thống sông Hồng,Sông Tích,"Sông Tích tên đầy đủ là Tích Lịch Giang (sông Sấm Sét) còn gọi là sông Con (khi so sánh với sông Hồng -sông Cái), là phụ lưu cấp I của sông Đáy, thuộc hệ thống sông Hồng, bắt nguồn từ dãy núi Ba Vì, đầu nguồn là hồ Suối Hai, hồ Đồng Mô."
Hệ thống sông Hồng,Nậm Tần,"Nậm Tần là dòng sông chảy ở huyện Sìn Hồ tỉnh Lai Châu, Việt Nam."
Hệ thống sông Hồng,Sông Trà Lý,"Sông Trà Lý là một phân lưu của sông Hồng chảy ngang qua tỉnh Thái Bình gần như theo hướng Tây Tây Bắc-Đông Đông Nam với một vài đoạn uốn cong, chiều dài khoảng 67 km. Đoạn chảy qua thành phố Thái Bình có tên là sông Bo gắn liền với giống ổi Bo nổi tiếng của xã Hoàng Diệu, thành phố Thái Bình."
Hệ thống sông Hồng,Nậm Trai,"Nậm Trai hay suối Trai là một phụ lưu của Nậm Mu trong lưu vực sông Đà. Sông có chiều dài 36 km và diện tích lưu vực là 306 km². Nậm Trai chảy ở huyện Mù Cang Chải tỉnh Yên Bái và huyện Mường La tỉnh Sơn La, Việt Nam."
Hệ thống sông Lam,Khe Ang,"Khe Ang (tên khác: Suối Sao) là một con sông đổ ra Sông Hiếu. Sông có chiều dài 27 km và diện tích lưu vực là 90 km². Khe Ang chảy qua các tỉnh Nghệ An, Thanh Hoá."
Hệ thống sông Lam,Khe Ba Giang,"Khe Ba Giang là một con sông đổ ra Sông Ngàn Sâu. Sông có chiều dài 17 km và diện tích lưu vực là 86 km². Khe Ba Giang chảy qua các tỉnh Hà Tĩnh, Quảng Bình."
Hệ thống sông Lam,Nậm Mô,"Nậm Mô hay nậm Mộ là phụ lưu cấp 1 của sông Lam, bắt nguồn từ Trung Lào và chảy vào Việt Nam ở phía tây tỉnh Nghệ An."
Hệ thống sông Lam,Nậm Nơn,"Nậm Nơn là phụ lưu hợp thành của sông Lam, chảy từ Lào vào phía tây tỉnh Nghệ An, Việt Nam."
Hệ thống sông Lam,Nậm Pông,"Nậm Pông là phụ lưu cấp 1 của sông Hiếu, chảy ở huyện Quỳ Châu tỉnh Nghệ An, Việt Nam."
Hệ thống sông Lam,Sông Dinh (Nghệ An),"Sông Dinh là phụ lưu cấp 1 của Sông Hiếu trong hệ thống sông Lam, chảy ở huyện Quỳ Hợp và Nghĩa Đàn tỉnh Nghệ An, Việt Nam."
Hệ thống sông Lam,Sông Giăng,"Sông Giăng là phụ lưu cấp I của sông Lam, chảy ở các huyện Con Cuông, Anh Sơn, Thanh Chương tỉnh Nghệ An."
Hệ thống sông Lam,Sông Hiếu (Nghệ An),"Sông Hiếu, còn có tên gọi là sông Con, một trong những con sông lớn tại Nghệ An."
Hệ thống sông Lam,Sông La,"Sông La là một phụ lưu của sông Lam, dài 12,5 km chảy qua huyện Đức Thọ, tỉnh Hà Tĩnh."
Hệ thống sông Lam,Sông Lam,"Sông Lam (tên gọi khác: Ngàn Cả, Sông Cả, Nậm Khan, Thanh Long Giang ) là một trong hai con sông lớn nhất ở Bắc Trung Bộ Việt Nam."
Hệ thống sông Lam,Sông Ngàn Phố,"Sông Ngàn Phố là một con sông phụ lưu của sông La chảy chủ yếu trong địa phận huyện Hương Sơn, tỉnh Hà Tĩnh."
Hệ thống sông Lam,Sông Ngàn Sâu,"Sông Ngàn Sâu là một phụ lưu chính của sông La. Sông này dài khoảng 131 km, bắt nguồn từ vùng núi Ông Giao Thừa (cao 1.100 m) và núi Cũ Lân (cao 1.014 m) thuộc dãy núi Trường Sơn nằm trên địa bàn giáp ranh của hai tỉnh Hà Tĩnh và Quảng Bình, Việt Nam. sông chảy về hướng Bắc qua huyện Hương Khê, Vũ Quang, Đức Thọ và Hương Sơn (tỉnh Hà Tĩnh ) rồi hợp lưu với sông Ngàn Phố tại ngã ba Tam Soa (hay bến Tam Soa), huyện Đức Thọ tạo thành dòng sông La."
Hệ thống sông Lam,Sông Nghèn,Sông Nghèn (còn được gọi là sông Nhà Lê ) là một phân lưu của sông Lam chảy qua tỉnh Hà Tĩnh.
Hệ thống sông Lam,Sông Quàng,"Sông Quàng hay Sông Quang là phụ lưu cấp 1 của sông Hiếu trong hệ thống sông Lam, chảy ở huyện Quế Phong tỉnh Nghệ An, Việt Nam."
Hệ thống sông Lam,Sông Rào Tre,"Sông Rào Tre (tên khác: Suối Lộn Lên) là một con sông đổ ra Sông Ngàn Sâu. Sông có chiều dài 34 km và diện tích lưu vực là 79 km². Sông Rào Tre chảy qua các tỉnh Hà Tĩnh, Quảng Bình."
Hệ thống sông Lam,Sông Sào,"Sông Sào, tên khác: Suối Tơ Long, Suối Mây Lu, là một con sông đổ ra Sông Hiếu. Sông Sào chảy qua các tỉnh Nghệ An, Thanh Hoá."
Hệ thống sông Lam,Suối Ca Nan,"Suối Ca Nan là phụ lưu cấp 1 của dòng Nậm Mô, và là phụ lưu cấp 2 của sông Lam, chảy ở tỉnh Nghệ An."
Hệ thống sông Lam,Suối Cắt,Suối Cắt là phụ lưu cấp 1 của dòng sông Lam chảy ở huyện Kỳ Sơn và Tương Dương tỉnh Nghệ An.
Hệ thống sông Lam,Suối Chà Lạp,Suối Chà Lạp là phụ lưu cấp 1 của dòng sông Lam chảy ở huyện Tương Dương tỉnh Nghệ An.
Hệ thống sông Lam,Suối Làng Chôi,"Suối Làng Chôi là một con suối đổ ra Sông Sào. Suối Làng Chôi chảy qua các tỉnh Nghệ An, Thanh Hoá."
Hệ thống sông Lam,Suối Tong,"Suối Tong (tên khác: suối Chai) là một con suối đổ ra Sông Hiếu. Suối có chiều dài 15 km và diện tích lưu vực là 30 km². Suối Tong chảy qua các tỉnh Nghệ An, Thanh Hoá."
Hệ thống sông Mã,Sông Bưởi,"Sông Bưởi hay còn gọi là sông Sòi, phụ lưu của sông Mã."
Hệ thống sông Mã,Nậm Công,"Nậm Công là phụ lưu cấp 1 của sông Mã, chảy qua các huyện Sốp Cộp và Sông Mã, tỉnh Sơn La, Việt Nam."
Hệ thống sông Mã,Nậm Ca,"Nậm Ca là một suối phụ lưu của Nậm Công trong lưu vực sông Mã, chảy ở huyện Sốp Cộp, tỉnh Sơn La, Việt Nam."
Hệ thống sông Mã,Nậm É,"Nậm É hay Nậm E là một sông trong lưu vực sông Mã, chảy ở các tỉnh Sơn La và Điện Biên, Việt Nam."
Hệ thống sông Mã,Thủy điện Nậm Hóa,"Thủy điện Nậm Hóa là các thủy điện xây dựng trên dòng Nậm Hóa (hay Nậm Hua ) tại vùng đất xã Mường Bám, huyện Thuận Châu tỉnh Sơn La, Việt Nam"
Hệ thống sông Mã,Nậm Húa,"Nậm Húa, còn có tên là Nậm Hóa, Nậm Hua, Nậm Khoai, là một phụ lưu của Sông Mã, chảy qua các tỉnh Sơn La và Điện Biên, Việt Nam."
Hệ thống sông Mã,Nậm Khuê,"Nậm Khuê (tên khác: Nậm Sung) là một con sông đổ ra Sông Chu. Sông có chiều dài 23 km và diện tích lưu vực là 89 km². Nậm Khuê chảy qua các tỉnh Nghệ An, Thanh Hoá."
Hệ thống sông Mã,Nậm Lạnh (suối),"Nậm Lạnh là suối phụ lưu của Nậm Công trong lưu vực sông Mã, chảy ở huyện Sốp Cộp, tỉnh Sơn La, Việt Nam."
Hệ thống sông Mã,Nậm Lẹ,"Nậm Lẹ, suối Lẹ, còn viết là Nậm Lệ, là một phụ lưu cấp 1 của sông Mã, chảy ở huyện Mai Sơn và Sông Mã tỉnh Sơn La, Việt Nam."
Hệ thống sông Mã,Nậm Mừ,"Nậm Mừ là một phụ lưu cấp 1 của sông Mã, chảy ở huyện Sông Mã tỉnh Sơn La, Việt Nam."
Hệ thống sông Mã,Nậm Sọi,"Nậm Sọi là phụ lưu cấp 1 của sông Mã, bắt nguồn từ vùng núi biên giới Việt - Lào ở huyện Sốp Cộp, đổ vào sông Mã ở huyện Sông Mã tỉnh Sơn La, Việt Nam."
Hệ thống sông Mã,Sông Âm,"Sông Âm là một phụ lưu cấp 1 của sông Chu, phụ lưu cấp 2 của sông Mã, chảy ở tỉnh Thanh Hóa, Việt Nam."
Hệ thống sông Mã,Sông Cầu Chày,"Sông Cầu Chày, sông Ngọc Chùy,hay sông Chày là phụ lưu của sông Mã, thuộc tỉnh Thanh Hóa, Việt Nam.Sông Chày đã gắn liền với tuổi thơ của rất nhiều lứa tuổi,con Sông mang lại nhiều nguồn lợi thủy sản tự nhiên như Hến,Ốc,Cá.... Hai bên bờ đê được phù xa nhiều năm bồi đắp nên rất thích hợp cho trồng trọt và chăn nuôi,tận dụng lợi thế nên rất nhiều trang trại được xây dựng lên. Trải qua nhiều cuộc chiến tranh thì trên sông hiện tại vẫn còn nhiều vết tích bom mìn.Là một nhánh sông nhỏ chiều rộng lòng sông nhỏ nên mỗi khi có mưa bão về nước lên rất nhanh và trở nên rất nguy hiểm và đến những năm hiện tại đã có nhiều vụ đuối nước tại nạn rất thương tâm.."
Hệ thống sông Mã,Sông Chu,"Sông Chu hay còn gọi là sông Lường (ngôn ngữ Tày, Thái gọi là Nậm Săm ; nguyên gốc gọi là sông Sủ, người Pháp viết thành Chu), là phụ lưu lớn nhất của sông Mã. Bắt nguồn từ một vùng núi tây bắc Sầm Nưa ở Lào, chảy theo hướng tây bắc - đông nam, đổ vào bờ phải sông Mã ở Ngã Ba Giàng (Ngã Ba Đầu, Ngã Ba Bông), cách cửa sông 25,5 km. Dài 325 km, phần chảy ở Việt Nam là 159 km, đầu sông thuộc xã Thông Thụ, Quế Phong (Nghệ An); cuối sông thuộc xã Thiệu Thịnh, Thiệu Hóa (Thanh Hóa). Diện tích lưu vực 7.580 km², phần ở Việt Nam 3.010 km²; cao trung bình 790 m, độ dốc trung bình 18,3%; mật độ sông suối 0,98 km/km². Tổng lượng nước 4,72 km³ ứng với lưu lượng trung bình năm 148 m³/s và môđun dòng chảy năm 18,2 l/s.km². Tại Mường Hinh, lưu lượng trung bình năm 91 m³/s ứng với môđun dòng chảy năm 17,1 l/s.km². Trên Bái Thượng, lòng sông hẹp và nhiều thác ghềnh, đá ngầm, đá nổi, vận chuyển trên sông chủ yếu bằng bè, mảng; từ Bái Thượng thuyền độc mộc mới qua lại được nhưng cũng rất khó khăn vì còn nhiều đá ngầm. Tàu thuyền chỉ đi lại được ở hạ lưu khoảng 96 km (đoạn Ngã Ba Đầu-Bản Don)."
Hệ thống sông Mã,Sông Khao,"Sông Khao là một phụ lưu cấp 1 của sông Chu, phụ lưu cấp 2 của sông Mã, chảy ở tỉnh Thanh Hóa, Việt Nam."
Hệ thống sông Mã,Sông Lèn,Sông Lèn là phân lưu phía Bắc của Sông Mã tại tỉnh Thanh Hóa.
Hệ thống sông Mã,Sông Lò,"Sông Lò là một phụ lưu cấp 1 của sông Mã, chảy từ tỉnh Huaphanh CHDCND Lào sang huyện Quan Sơn và Quan Hóa tỉnh Thanh Hóa, Việt Nam."
Hệ thống sông Mã,Sông Luồng,"Sông Luồng là một phụ lưu cấp 1 của sông Mã, chảy từ tỉnh Huaphanh CHDCND Lào sang huyện Quan Sơn và Quan Hóa tỉnh Thanh Hóa, Việt Nam."
Hệ thống sông Mã,Sông Mã,"Sông Mã là một con sông của Việt Nam và Lào có chiều dài 512 km, trong đó phần trên lãnh thổ Việt Nam dài 410 km và phần trên lãnh thổ Lào dài 102 km. Lưu vực của sông Mã rộng 28.400 km², phần ở Việt Nam rộng 17.600 km², cao trung bình 762 m, độ dốc trung bình 17,6%, mật độ sông suối toàn lưu vực 0,66 km/ km². Lưu lượng nước trung bình năm 121 m³ / s tại Xã Là và 341 m³ /s tại Cẩm Thủy. Sông Mã chủ yếu chảy giữa vùng rừng núi và trung du. Phù sa sông Mã là nguồn chủ yếu tạo nên đồng bằng Thanh Hóa lớn thứ 3 ở Việt Nam."
Hệ thống sông Mã,Sông Ngang,"Sông Ngang (tên khác: Suối Sát) là một con sông đổ ra Sông Bưởi. Sông có chiều dài 20 km và diện tích lưu vực là 89 km². Sông Ngang chảy qua các tỉnh Hoà Bình, Thanh Hoá."
Hệ thống sông Mã,Suối Lư,"Suối Lư là phụ lưu cấp 1 của Sông Mã, chảy ở huyện Điện Biên Đông, tỉnh Điện Biên, Việt Nam."
Hệ thống sông Mã,Suối Muội (Thuận Châu),"Suối Muội là một suối chảy qua thị trấn Thuận Châu tỉnh Sơn La, Việt Nam"
Hệ thống sông Mã,Thủy điện Tà Cọ,"Thủy điện Tà Cọ, còn gọi là Thủy điện Nậm Công 2, là công trình thủy điện xây dựng trên dòng Nậm Công tại bản Tà Cọ, thị trấn Sốp Cộp, huyện Sốp Cộp, tỉnh Sơn La, Việt Nam."
Hệ thống sông Mã,Thủy điện Bá Thước 1,"Thủy điện Bá Thước 1 là thủy điện xây dựng trên dòng chính sông Mã tại vùng đất xã Thiết Kế huyện Bá Thước tỉnh Thanh Hóa, Việt Nam."
Hệ thống sông Mã,Thủy điện Bá Thước 2,Thủy điện Bá Thước 2 là thủy điện xây dựng trên dòng chính sông Mã tại vùng đất xã Lương Ngoại
Hệ thống sông Mã,Thủy điện Cẩm Thủy 1,"Thủy điện Cẩm Thủy 1 là thủy điện xây dựng trên dòng chính sông Mã tại vùng đất hai xã Cẩm Thành và Cẩm Lương, huyện Cẩm Thủy, tỉnh Thanh Hóa, Việt Nam."
Hệ thống sông Mã,Thủy điện Cửa Đạt,"Thủy điện Cửa Đạt là một cụm công trình thủy điện xây dựng trên sông Chu. Nhà máy chính của Thủy điện Cửa Đạt đặt tại làng Cửa Đạt, xã Vạn Xuân, huyện Thường Xuân, tỉnh Thanh Hóa, Việt Nam."
Hệ thống sông Mã,Thủy điện Dốc Cáy,"Thủy điện Dốc Cáy là thủy điện xây dựng tại xã Lương Sơn huyện Thường Xuân tỉnh Thanh Hóa, Việt Nam."
Hệ thống sông Mã,Thủy điện Đồng Văn,"Thủy điện Đồng Văn là thủy điện xây dựng trên sông Chu tại vùng đất xã Đồng Văn huyện Quế Phong tỉnh Nghệ An, Việt Nam."
Hệ thống sông Mã,Thủy điện Hồi Xuân,"Thủy điện Hồi Xuân là thủy điện xây dựng trên dòng chính sông Mã tại thị trấn Hồi Xuân và xã Phú Xuân, huyện Quan Hóa tỉnh Thanh Hóa, Việt Nam."
Hệ thống sông Mã,Thủy điện Hủa Na,"Thủy điện Hủa Na là thủy điện trên sông Chu tại vùng đất xã Đồng Văn huyện Quế Phong tỉnh Nghệ An, Việt Nam."
Hệ thống sông Mã,Thủy điện Sông Mã 3,"Thủy điện Sông Mã 3 là thủy điện xây dựng trên dòng sông Mã tại vùng đất xã Phì Nhừ và Mường Luân huyện Điện Biên Đông tỉnh Điện Biên, Việt Nam."
Hệ thống sông Mã,Thủy điện Thành Sơn,"Thủy điện Thành Sơn là thủy điện xây dựng trên dòng chính sông Mã tại vùng đất xã Thành Sơn và Trung Thành huyện Quan Hóa tỉnh Thanh Hóa, Việt Nam."
Hệ thống sông Mã,Thủy điện Trung Sơn,"Thủy điện Trung Sơn là thủy điện được xây dựng trên dòng chính sông Mã trên vùng đất xã Trung Sơn huyện Quan Hóa tỉnh Thanh Hóa, Việt Nam."
Hệ thống sông Mã,Thủy điện Trung Xuân,"Thủy điện Trung Xuân là thủy điện xây dựng trên sông Lò ở vùng đất xã Trung Xuân huyện Quan Sơn tỉnh Thanh Hóa, Việt Nam."
Hệ thống sông Mã,Thủy điện Xuân Minh,"Thủy điện Xuân Minh là thủy điện xây dựng trên sông Chu tại vùng đất thôn Xuân Minh xã Xuân Cẩm, huyện Thường Xuân tỉnh Thanh Hoá, Việt Nam."
Hệ thống sông Thạch Hãn,Sông Thạch Hãn,"Sông Thạch Hãn (hay còn gọi là sông Ba Lòng, sông Quảng Trị ) là con sông lớn nhất tỉnh Quảng Trị. Đây là con sông gắn liền với lịch sử Quảng Trị. Tại vùng hạ nguồn thì sông Thạch Hãn nối với sông Bến Hải qua sông Cánh Hòm, và nối với sông Ô Lâu qua sông Vĩnh Định, nên có thể xếp chung ra "" hệ thống sông Bến Hải–Thạch Hãn–Ô Lâu ""."
Hệ thống sông Thạch Hãn,Sông Cầu Nhị,"Sông Cầu Nhị là một con sông đổ ra Sông Ô Lâu. Sông có chiều dài 23 km và diện tích lưu vực là 52 km². Sông Cầu Nhị chảy qua các huyện Hải Lăng, tỉnh Quảng Trị và huyện Phong Điền, tỉnh Thừa Thiên Huế, Việt Nam."
Hệ thống sông Thạch Hãn,Sông Châu Thị,"Sông Châu Thị, còn có tên là Sông Trầm Kỳ, là một con sông đổ ra sông Sa Lung. Sông có chiều dài 25 km và diện tích lưu vực là 125 km². Sông Châu Thị chảy qua các tỉnh Quảng Trị, Quảng Bình."
Hệ thống sông Thạch Hãn,Sông Đakrông,"Sông Đakrông là dòng thượng nguồn của sông Thạch Hãn. Sông Đakrông chảy ở huyện Đakrông, tỉnh Quảng Trị, Việt Nam. Tên sông theo tiếng dân tộc ở đây có nghĩa là "" sông lớn ""."
Hệ thống sông Thạch Hãn,Sông Hiếu (Quảng Trị),"Sông Hiếu là một phụ lưu của sông Thạch Hãn, chảy ở huyện Cam Lộ và thành phố Đông Hà, tỉnh Quảng Trị, Việt Nam."
Hệ thống sông Thạch Hãn,Sông Ô Lâu,"Sông Ô Lâu là một con sông đổ ra Biển Đông. Sông có chiều dài 99 km và diện tích lưu vực là 926 km². Sông Thác Ma là một chi lưu của sông Ô Lâu, chảy qua các huyện Hải Lăng tỉnh Quảng Trị và Phong Điền,thành phố Huế. Việt Nam."
Hệ thống sông Thạch Hãn,Sông Rào Quán,"Sông Rào Quán là phụ lưu của sông Đakrông trong hệ thống sông Thạch Hãn. Sông Rào Quán chảy ở huyện Hướng Hóa và huyện Đakrông, tỉnh Quảng Trị, Việt Nam."
Hệ thống sông Thạch Hãn,Sông Ái Tử,"Sông Ái Tử là phụ lưu của sông Vĩnh Phước trong hệ thống sông Thạch Hãn. Sông Ái Tử chảy ở huyện Đakrông và Triệu Phong tỉnh Quảng Trị, Việt Nam."
Hệ thống sông Thạch Hãn,Sông Bến Hải,"Sông Bến Hải là một con sông chảy ở huyện Vĩnh Linh và Gio Linh tỉnh Quảng Trị thuộc miền Trung, Việt Nam."
Hệ thống sông Thạch Hãn,Sông Cam Lộ,"Sông Cam Lộ là dòng thượng nguồn của Sông Hiếu trong hệ thống sông Thạch Hãn. Sông Cam Lộ chảy ở các huyện Hướng Hóa, Đakrông, Gio Linh và Cam Lộ tỉnh Quảng Trị, Việt Nam."
Hệ thống sông Thạch Hãn,Sông Cánh Hòm,"Sông Cánh Hòm là con sông trải dài trên diện tích phía đông của huyện Gio Linh, tỉnh Quảng Trị, Việt Nam."
Hệ thống sông Thạch Hãn,Sông Nhùng,"Sông Nhùng là phụ lưu của sông Vĩnh Định trong hệ thống sông Thạch Hãn. Sông Nhùng chảy ở các huyện Đakrông và Hải Lăng tỉnh Quảng Trị, Việt Nam."
Hệ thống sông Thạch Hãn,Sông Vĩnh Phước,"Sông Vĩnh Phước là phụ lưu của sông Thạch Hãn. Sông Vĩnh Phước chảy ở các huyện Cam Lộ, Triệu Phong và thị xã Đông Hà tỉnh Quảng Trị, Việt Nam."
Hệ thống sông Thạch Hãn,Suối Tà Cơn,"Suối Tà Cơn là phụ lưu của sông Rào Quán trong hệ thống sông Thạch Hãn, chảy ở huyện Hướng Hóa và Đakrông tỉnh Quảng Trị, Việt Nam."
Hệ thống sông Thạch Hãn,Sông Thác Ma,"Sông Thác Ma, còn có tên là sông Thác Mã, sông Mỹ Chánh, là một con sông đổ ra sông Ô Lâu. Sông có chiều dài 51 km và diện tích lưu vực là 172 km². Sông Thác Ma chảy qua các huyện Hải Lăng tỉnh Quảng Trị và huyện Phong Điền tỉnh Thừa Thiên Huế, Việt Nam."
Hệ thống sông Thạch Hãn,Sông Vĩnh Định (Quảng Trị),"Sông Vĩnh Định là phân lưu trong mạng lưới châu thổ của sông Thạch Hãn. Sông Vĩnh Định chảy ở các huyện Hải Lăng và Triệu Phong tỉnh Quảng Trị, Việt Nam."
Hệ thống sông Thái Bình,Hệ thống sông Thái Bình,"Hệ thống sông Thái Bình là hệ thống các sông có hoạt động gắn với sông Thái Bình, gồm các phụ lưu và chi lưu của nó."
Hệ thống sông Thái Bình,Sông Thái Bình,"Sông Thái Bình còn gọi là sông Hàm Giang hay sông Phú Lương là một con sông lớn trong hệ thống sông ở miền Bắc Việt Nam, cùng với hệ thống sông Hồng là 2 hệ thống sông chính của đồng bằng sông Hồng. Mặc dù tên sông trùng với tên tỉnh Thái Bình nhưng sông không chảy qua tỉnh này, nó chỉ chảy bên 2 xã An Tân và Thụy Trường thuộc huyện Thái Thụy, Thái Bình với chiều dài gần 5 km, là quá ngắn so với chiều dài qua các tỉnh Bắc Giang, Bắc Ninh, Hải Dương và Hải Phòng. Sông Thái Bình là tên gọi của hai đoạn sông chính trong hệ thống sông Thái Bình."
Hệ thống sông Thái Bình,Sông Bạch Đằng,"Sông Bạch Đằng là ranh giới giữa thành phố Hải Phòng và tỉnh Quảng Ninh ngày nay, gọi theo phiên âm chữ Nôm là Bạch Đằng Giang (白藤江). Từ Bạch (白) có nghĩa là trắng, từ Đằng (藤) có nghĩa là ""bụi cây quấn quýt"", tên Nôm là Dầng hay Rừng. Và ba từ ""Bạch Đằng Giang"", nghĩa là sông có ""rừng sóng bạc đầu"", mà gọi theo dân gian là sông Thần. Ngoài ra sông này còn có tên gọi khác thời Hậu Lê là Vân Cừ (澐渠), nghĩa là ""con sông nhỏ có sóng lớn"" hay ""nước chảy xoáy cuồn cuộn"", về sau là sông Thành Triền và ngày nay là sông Đá Bạc..."
Hệ thống sông Thái Bình,Sông Cấm,"Sông Cấm là một nhánh sông ở hạ lưu thuộc hệ thống sông Thái Bình, chảy qua địa phận Hải Phòng."
Hệ thống sông Thái Bình,Sông Cầu,"Sông Cầu (còn gọi là sông Như Nguyệt, sông Phú Lương (Phú Lương Giang, 富良江), sông Thị Cầu, sông Nguyệt Đức hay mỹ danh dòng sông quan họ ), là con sông quan trọng nhất trong hệ thống sông Thái Bình, sông nằm lọt trong vùng Đông Bắc Việt Nam."
Hệ thống sông Thái Bình,Sông Đá Bạc,Sông Đá Bạc (còn được gọi là sông Đá Bạch ) là một con sông thuộc hệ thống sông Thái Bình.
Hệ thống sông Thái Bình,Sông Hóa (Hải Phòng – Thái Bình),"Sông Hóa là một con sông nhỏ thuộc hệ thống sông Thái Bình, được đặt tên vào cuối thế kỷ XIX gồm hai sông cổ là sông Tranh (đoạn từ làng Tranh tới làng Tò và sông Tô là đoạn sông từ Tô Xuyên đến sông Ngải Am (nay là sông Thái Bình), chảy ở tỉnh Thái Bình và thành phố Hải Phòng.."
Hệ thống sông Thái Bình,Sông Lạch Tray,"Sông Lạch Tray là một con sông thuộc hệ thống sông Thái Bình, chảy qua tỉnh Hải Dương và Thành phố Hải Phòng."
Hệ thống sông Thái Bình,Sông Lục Ngạn,"Sông Lục Nam (còn gọi là sông Lục, sông Minh Đức hay sông Chũ ) là một phụ lưu của sông Thương, chảy qua hai tỉnh Lạng Sơn và Bắc Giang, Việt Nam."
Hệ thống sông Thái Bình,Sông Lục Nam,"Sông Lục Nam (còn gọi là sông Lục, sông Minh Đức hay sông Chũ ) là một phụ lưu của sông Thương, chảy qua hai tỉnh Lạng Sơn và Bắc Giang, Việt Nam."
Hệ thống sông Thái Bình,Sông Nghinh Tường,Sông Nghinh Tường là một phụ lưu của sông Cầu thuộc tỉnh Thái Nguyên tại miền bắc Việt Nam.
Hệ thống sông Thái Bình,Ngòi Phú Khê,"Ngòi Phú Khê là một con sông đổ ra Sông Thương. Sông có chiều dài 34 km và diện tích lưu vực là 146 km². Ngòi Phú Khê chảy qua các tỉnh Bắc Giang, Thái Nguyên."
Hệ thống sông Thái Bình,Ngòi Triệu,"Ngòi Triệu là một con sông đổ ra Sông Thương. Sông có chiều dài 16 km. Ngòi Triệu chảy qua các tỉnh Hải Dương, Bắc Giang."
Hệ thống sông Thái Bình,Sông Bạ Mưu,"Sông Bạ Mưu là một con sông đổ ra Sông Lạch Tray. Sông có chiều dài 22 km và diện tích lưu vực là km². Sông Bạ Mưu chảy qua các tỉnh Hải Dương, Hải Phòng."
Hệ thống sông Thái Bình,Sông Bậu,"Sông Bậu là một con sông đổ ra Sông Trung. Sông có chiều dài 36 km và diện tích lưu vực là 495 km². Sông Bậu chảy qua các tỉnh Thái Nguyên, Lạng Sơn."
Hệ thống sông Thái Bình,Sông Cà Lồ,"Sông Cà Lồ (歌盧, còn gọi là sông Phủ Lỗ ) là một phụ lưu của sông Cầu và từng là một phân lưu của sông Hồng. Nó vốn tách ra khỏi sông Hồng ở xã Trung Hà, huyện Yên Lạc, Vĩnh Phúc và hợp lưu với sông Cầu tại ngã ba Xà, xã Tam Giang, huyện Yên Phong, tỉnh Bắc Ninh, khoảng 15 km về phía nam nơi sông Công hợp lưu với sông Cầu. Tuy nhiên đoạn đầu nguồn của Cà Lồ (chỗ phân lưu khỏi sông Hồng) đã bị bịt vào đầu thế kỷ 20, nên sông Cà Lồ hiện nay không còn nối với sông Hồng. Đầu nguồn sông Cà Lồ hiện nay ở huyện Mê Linh ( Hà Nội ) và nguồn nước của sông chủ yếu là từ các dòng suối từ dãy núi Tam Đảo. Sông Cà Lồ tạo thành ranh giới tự nhiên giữa huyện Sóc Sơn với các huyện Mê Linh, Đông Anh (Hà Nội) và giữa huyện Sóc Sơn với huyện Yên Phong (tỉnh Bắc Ninh). Toàn chiều dài của sông là 89 km, trong đó đoạn trên địa bàn Vĩnh Phúc dài 27 km."
Hệ thống sông Thái Bình,Sông Cẩm Giàng,"Sông Cẩm Giàng là một con sông đổ ra Sông Kẻ Sặt. Sông có chiều dài 26 km. Sông Cẩm Giàng chảy qua các tỉnh Bắc Ninh, Hưng Yên, Hải Dương."
Hệ thống sông Thái Bình,Sông Chợ Chu,Sông Chợ Chu là một phụ lưu của sông Cầu tại tỉnh Thái Nguyên.
Hệ thống sông Thái Bình,Sông Công,Sông Công là một phụ lưu của sông Cầu.
Hệ thống sông Thái Bình,Sông Đinh Đèn,"Sông Đinh Đèn là một con sông đổ ra Sông Lục Nam. Sông có chiều dài 99 km và diện tích lưu vực là 714 km². Sông Đinh Đèn chảy qua các tỉnh Bắc Giang, Lạng Sơn."
Hệ thống sông Thái Bình,Sông Đồng Mai,"Sông Đồng Mai, còn viết là Sông Đông Mai, là phụ lưu của Sông Kinh Thầy. Sông có chiều dài 28 km và diện tích lưu vực là 195 km². Sông Đồng Mai chảy qua các tỉnh Hải Dương và Quảng Ninh, Việt Nam"
Hệ thống sông Thái Bình,Sông Đu,"Sông Đu là một phụ lưu nằm tại hữu ngạn của sông Cầu ở miền bắc Việt Nam. Gần như toàn bộ lưu vực sông Đu nằm trên địa bàn ba huyện Định Hóa, Phú Lương và Đại Từ thuộc tỉnh Thái Nguyên. Hai nhánh chính của sông Đu hợp lưu tại thị trấn Đu thuộc huyện Phú Lương."
Hệ thống sông Thái Bình,Sông Hàn Màu,"Sông Hàn Màu là một con sông đổ ra Sông Bạch Đằng. Sông có chiều dài 8 km và diện tích lưu vực là km². Sông Hàn Màu chảy qua các tỉnh Hải Dương, Hải Phòng."
Hệ thống sông Thái Bình,Sông Hóa (Lạng Sơn – Bắc Giang),"Sông Hóa là phụ lưu cấp 1 của Sông Thương, chảy ở các tỉnh Bắc Giang, Lạng Sơn. Sông có chiều dài 47 km và diện tích lưu vực là 382 km²."
Hệ thống sông Thái Bình,Sông Linh Nham,"Sông Linh Nham là một phụ lưu nằm tại tả ngạn của sông Cầu ở miền bắc Việt Nam, chảy từ xã Khe Mo thuộc huyện Đồng Hỷ cho đến thành phố Thái Nguyên và hợp lưu với sông Cầu tại thành phố Thái Nguyên. Toàn bộ lưu vực sông Linh Nham nằm trên địa bàn huyện Đồng Hỷ, tỉnh Thái Nguyên. Hai nhánh chính của sông Linh Nham hợp lưu tại thị trấn Sông Cầu thuộc huyện Đồng Hỷ."
Hệ thống sông Thái Bình,Sông Lục Đầu,"Sông Lục Đầu hay Lục Đầu Giang là một đoạn sông bao gồm 6 con sông (từ 1888 về trước là các sông Thiên Đức, Chiêm Đức, Nhật Đức, Phượng Nhãn, Cổ Chu và Lâu Khê) mang tên sông Thương, sông Cầu, sông Lục Nam, sông Đuống, sông Kinh Thầy, sông Thái Bình gặp nhau tạo thành. Trong đó, sông Lục Nam và sông Thương hợp nhau tại xã Trí Yên, thành phố Bắc Giang, Tỉnh Bắc Giang tạo thành Sông Thái Bình, đoạn sông này chảy qua đền Kiếp Bạc xuống bến Bình Than, gặp sông Cầu và sông Đuống rồi lại phân chia thành 2 dòng: sông Thái Bình và sông Kinh Thầy tại cồn Xã Nhân Huệ, Chí Linh, Hải Dương."
Hệ thống sông Thái Bình,Sông Máng,"Sông Máng là một sông nhân tạo tại Việt Nam. Sông được hình thành từ thời Pháp thuộc và có chiều dài 52 km. Sông Máng nối với sông Cầu tại khu vực gần thác Huống (đập Huống) tại khu vực trung tâm tỉnh Thái Nguyên và nối với sông Thương tại Bến Thôn thuộc khu vực tây bắc tỉnh Bắc Giang. Sông Máng là một hệ thống kênh dùng cho cả mục đích nông nghiệp và giao thông, phục vụ chủ yếu cho huyện Phú Bình (Thái Nguyên) và huyện Tân Yên (Bắc Giang), các kênh dẫn nhỏ của sông cũng phục vụ tưới tiêu cho nhiều khu vực khác trong tỉnh Bắc Giang. Trên sông có một hệ thống âu thuyền được xây dựng từ những năm 20 của thế kỉ 20 để đưa thuyền bè từ Bắc Giang và các tỉnh đồng bằng tới Thái Nguyên."
Hệ thống sông Thái Bình,Sông Mía,"Sông Mía là một con sông đổ ra Sông Văn Úc. Sông có chiều dài 3 km và diện tích lưu vực là km². Sông Mía chảy qua các tỉnh Hải Dương, Hải Phòng."
Hệ thống sông Thái Bình,Sông Ngũ Huyện Khê,"Ngũ Huyện Khê là một chi lưu của sông Đuống, nó bắt nguồn từ địa phận ranh giới giữa xã Xuân Canh và Đông Hội thuộc huyện Đông Anh, thành phố Hà Nội và chảy vào tỉnh Bắc Ninh tại phường Châu Khê, thành phố Từ Sơn. Cuối cùng, sông Ngũ Huyện Khê đổ vào sông Cầu tại phường Hoà Long, thành phố Bắc Ninh."
Hệ thống sông Thái Bình,Sông Rạng (Hải Dương),"Sông Rạng hay sông Lai Vu, còn có tên khác là sông Tường Vu là phân lưu của sông Kinh Môn trong hệ thống sông Thái Bình chảy ở tỉnh Hải Dương."
Hệ thống sông Thái Bình,Sông Sỏi,"Sông Sỏi là một phụ lưu của sông Thương chảy ở huyện Đồng Hỷ tỉnh Thái Nguyên và huyện Yên Thế tỉnh Bắc Giang, Việt Nam."
Hệ thống sông Thái Bình,Sông Thượng Nung,"Sông Thượng Nung là phụ lưu của Sông Cầu, chảy ở tỉnh Thái Nguyên, Việt Nam."
Hệ thống sông Thái Bình,Sông Trung,"Sông Trung hay sông Rong là phụ lưu của Sông Thương. Sông Trung chảy qua các tỉnh Thái Nguyên, Lạng Sơn."
Hệ thống sông Thái Bình,Suối Cầm,"Suối Cầm là một con suối đổ ra Sông Đinh Đèn. Suối có chiều dài 35 km và diện tích lưu vực là 207 km². Suối Cầm chảy qua các tỉnh Bắc Giang, Lạng Sơn."
Hệ thống sông Thái Bình,Suối Cầu Triền,"Suối Cầu Triền (tên khác: Ngòi Cái) là một con suối đổ ra Sông Công. Suối có chiều dài 14 km và diện tích lưu vực là 36 km². Suối Cầu Triền chảy qua các tỉnh Hà Nội, Thái Nguyên."
Hệ thống sông Thái Bình,Suối Diên,"Suối Diên là một con suối đổ ra Sông Sỏi. Suối có chiều dài 18 km và diện tích lưu vực là 57 km². Suối Diên chảy qua các tỉnh Bắc Giang, Thái Nguyên."
Hệ thống sông Thái Bình,Suối Làng Nõn,Suối Làng Nõn (tên khác: Suối Mỏ) là một con suối đổ ra Sông Đinh Đèn. Suối có chiều dài 33 km và diện tích lưu vực là 137 km². Suối Làng Nõn chảy qua các tỉnh.
Hệ thống sông Thái Bình,Suối Mỏ Hương,"Suối Mỏ Hương là một con suối đổ ra Sông Sỏi. Suối có chiều dài 11 km và diện tích lưu vực là 28 km². Suối Mỏ Hương chảy qua các tỉnh Bắc Giang, Lạng Sơn."
Hệ thống sông Thái Bình,Suối Vàng (Hải Dương – Quảng Ninh),"Suối Vàng là một con suối đổ ra Sông Đông Mai. Suối có chiều dài 19 km và diện tích lưu vực là 48 km². Suối Vàng chảy qua các tỉnh Hải Dương, Quảng Ninh."
Hệ thống sông Thái Bình,Suối Vực Ngườm,Suối Vực Ngườm (tên khác: Suối Cấm Thù) là một con suối đổ ra Sông Hóa.
Hệ thống sông Thái Bình,Sông Thương,"Sông Thương hay sông Nhật Đức (xưa còn gọi là sông Nam Bình, sông Lạng Giang, sông Long Nhỡn) là một phụ lưu của sông Thái Bình, là một sông lớn chảy qua các tỉnh Lạng Sơn, Bắc Giang, Hải Dương."
Hệ thống sông Trà Khúc,Sông Trà Khúc,"Sông Trà Khúc là con sông lớn nhất ở tỉnh Quảng Ngãi, Việt Nam."
Hệ thống sông Trà Khúc,Sông An Định,"Sông An Định là phụ lưu cấp 1 của sông Trà Khúc, chảy ở huyện Nghĩa Hành và Tư Nghĩa tỉnh Quảng Ngãi, Việt Nam."
Hệ thống sông Trà Khúc,Đăk Đrinh,"Đăk Đrinh, còn viết là Đăk Đ'Rinh hay Đăk Drinh, là phụ lưu cấp 1 của sông Trà Khúc, chảy ở huyện Kon Plong tỉnh Kon Tum và các huyện Sơn Tây và Di Lăng tỉnh Quảng Ngãi, Việt Nam."
Hệ thống sông Trà Khúc,Sông Đắk Ba,Sông Đắk Ba hay suối Ba là phụ lưu của Đắk Drinh. Sông Đắk Ba chảy qua các tỉnh Quảng Nam và Quảng Ngãi.
Hệ thống sông Trà Khúc,Sông Đắk Lô,"Sông Đắk Lô là một con sông đổ ra Sông Trà Khúc. Sông Đắk Lô chảy qua các tỉnh Kon Tum và Quảng Ngãi, Việt Nam"
Hệ thống sông Trà Khúc,Sông Đắk R' Baye,"Sông Đắk R' Baye là một con sông đổ ra Sông Đắk Lô. Sông Đắk R' Baye chảy qua các tỉnh Kon Tum, Quảng Ngãi."
Hệ thống sông Trà Khúc,Sông Đắk Rô Man,"Sông Đắk Rô Man là một con sông đổ ra Sông Đắk Drinh. Sông Đắk Rô Man chảy qua các tỉnh Kon Tum, Quảng Ngãi."
Hệ thống sông Trà Khúc,Sông Đắk Tmeo,"Sông Đắk Tmeo hay Đăk T'Meo, còn gọi là suối Nước Meo, suối Ta Meo, là một phụ lưu của Đăk Đrinh trong hệ thống sông Trà Khúc. Đăk T'Meo chảy ở huyện Nam Trà My tỉnh Quảng Nam, huyện Kon Plông tỉnh Kon Tum và huyện Sơn Tây, tỉnh Quảng Ngãi, Việt Nam."
Hệ thống sông Trà Khúc,Sông Đắk Xe Rong,"Sông Đắk Xe Rong là một con sông đổ ra Sông Đắk Lô. Sông Đắk Xe Rong chảy qua các tỉnh Kon Tum, Quảng Ngãi."
Hệ thống sông Trà Khúc,Suối Đắk Xe Rack,"Suối Đắk Xe Rack là một con suối đổ ra Sông Đắk Lô. Suối Đắk Xe Rack chảy qua các tỉnh Kon Tum, Quảng Ngãi."
Hệ thống sông Trà Khúc,Sông Hàm Giang,"Sông Hàm Giang là phụ lưu cấp 1 của sông Trà Khúc, chảy ở huyện Sơn Tịnh tỉnh Quảng Ngãi, Việt Nam."
Hệ thống sông Trà Khúc,Sông La Ê,"Sông La Ê là một con sông đổ ra sông Re trong hệ thống sông Trà Khúc. Sông La Ê chảy qua các huyện Kon Plông tỉnh Kon Tum và huyện Ba Tơ tỉnh Quảng Ngãi, Việt Nam."
Hệ thống sông Trà Khúc,Suối Nước Long,"Suối Nước Long là một con suối đổ ra Sông Re. Suối Nước Long chảy qua các tỉnh Kon Tum, Quảng Ngãi, Việt Nam."
Hệ thống sông Trà Khúc,Sông Re,"Sông Re, còn viết là Sông Rhe, là phụ lưu cấp 1 của sông Trà Khúc, chảy ở tỉnh Kon Tum và Quảng Ngãi, Việt Nam."
Hệ thống sông Trà Khúc,Suối Nước Nghèo,"Suối Nước Nghèo là một con suối đổ ra Sông Tang. Suối Nước Nghèo chảy qua các tỉnh Quảng Ngãi, Quảng Nam"
Hệ thống sông Trà Khúc,Suối Tà Mang,"Suối Tà Mang là một phụ lưu của Đăk Đrinh trong hệ thống sông Trà Khúc, chảy ở huyện Sơn Hà, tỉnh Quảng Ngãi, Việt Nam."
Hệ thống sông Trà Khúc,Sông Tang,"Sông Tang, sông Nước Trong hay Sông Tung là một phụ lưu của sông Đắk Drinh. Sông Tang chảy qua các huyện Bắc Trà My tỉnh Quảng Nam và huyện Trà Bồng, Sơn Hà tỉnh Quảng Ngãi, Việt Nam."
Hệ thống sông Trà Khúc,Sông Xà Lò,"Sông Xà Lò, còn viết là Đắk Xà Lò, là phụ lưu cấp 1 của sông Trà Khúc, chảy ở huyện Kon Plong tỉnh Kon Tum và các huyện Sơn Tây, Sơn Hà tỉnh Quảng Ngãi, Việt Nam."
Hệ thống sông Vu Gia – Thu Bồn,Sông Bung,"Sông Bung là một phụ lưu của sông Vu Gia. Sông Bung chảy ở các huyện Tây Giang, Nam Giang và Đông Giang, tỉnh Quảng Nam, Việt Nam."
Hệ thống sông Vu Gia – Thu Bồn,Sông Chơr Lang,"Sông Chơr Lang là phụ lưu của sông A Vương, chảy ở xã Bha Lêê huyện Tây Giang tỉnh Quảng Nam, Việt Nam."
Hệ thống sông Vu Gia – Thu Bồn,Sông Đá Giăng,"Sông Đá Giăng là phụ lưu nhỏ của sông Tiên. Sông Đá Giăng chảy ở xã Tiên Cảnh huyện Tiên Phước tỉnh Quảng Nam, Việt Nam."
Hệ thống sông Vu Gia – Thu Bồn,Sông Leng,"Sông Leng hay Sông Nước Leng là phụ lưu của sông Tranh, chảy ở huyện Nam Trà My tỉnh Quảng Nam, Việt Nam."
Hệ thống sông Vu Gia – Thu Bồn,Sông Nước Chè,"Sông Nước Chè là một con sông đổ ra Đắk Mi, tên ở phần thượng nguồn của sông Vu Gia. Sông Nước Chè chảy qua các huyện Đăk Glei tỉnh Kon Tum và huyện Phước Sơn tỉnh Quảng Nam, Việt Nam."
Hệ thống sông Vu Gia – Thu Bồn,Sông Quá Giáng,"Sông Quá Giáng, tên khác sông La Thọ, là một phân lưu của sông Vu Gia và đổ vào sông Vĩnh Điện. Sông Quá Giáng chảy qua các tỉnh Quảng Nam và Đà Nẵng, Việt Nam."
Hệ thống sông Vu Gia – Thu Bồn,Sông A Vương,"Sông A Vương là phụ lưu của sông Bung trong hệ thống sông Thu Bồn, chảy ở các huyện phía tây tỉnh Quảng Nam, Việt Nam."
Hệ thống sông Vu Gia – Thu Bồn,Sông Bồng Miêu,"Sông Bồng Miêu là một phụ lưu hợp thành của sông Tiên, chảy ở tỉnh Quảng Nam, Việt Nam."
Hệ thống sông Vu Gia – Thu Bồn,Sông Thu Bồn,"Sông Thu Bồn, với diện tích lưu vực rộng 10.350 km², là một trong những sông nội địa có lưu vực lớn nhất Việt Nam. Sông bắt nguồn từ khối núi Ngọc Linh thuộc huyện Đăk Glei, tỉnh Kon Tum và đổ ra biển tại cửa Đại, thành phố Hội An, tỉnh Quảng Nam ; một nhánh chảy vào sông Vĩnh Điện để đổ nước vào sông Hàn, Đà Nẵng. Trước khi đổ ra biển tại cửa Đại, một phần nước của sông chảy vào sông Trường Giang để đổ ra vịnh An Hòa, Tam Quang, Núi Thành. Sông Thu Bồn cùng với sông Vu Gia, hợp lưu tại Đại Lộc, tạo thành hệ thống sông lớn có vai trò rất quan trọng đối với đời sống và tâm hồn người Quảng. Phần lớn diện tích lưu vực sông chảy trong địa phận Quảng Nam và thành phố Đà Nẵng, phần thượng nguồn một phần nằm trên đất Kon Tum và Quảng Ngãi."
Hệ thống sông Vu Gia – Thu Bồn,Sông Vàng,"Sông Vàng là phụ lưu cấp 1 của Sông Kôn trong thủy vực của sông Vu Gia, chảy ở các huyện Đông Giang và Đại Lộc, tỉnh Quảng Nam, Việt Nam."
Hệ thống sông Vu Gia – Thu Bồn,Sông Vu Gia,"Sông Vu Gia, phần thượng nguồn ở Phước Sơn được gọi là Đắk Mi, là một sông lớn ở phía Bắc tỉnh Quảng Nam, Việt Nam."
Hệ thống sông Vu Gia – Thu Bồn,Sông Thanh,"Sông Thanh, tên khác Sông Đắk Peng, là một con sông đổ ra sông Vu Gia. Sông Thanh chảy qua các tỉnh Kon Tum và Quảng Nam, Việt Nam."
Hệ thống sông Vu Gia – Thu Bồn,Sông Tiên (Việt Nam),"Sông Tiên là phụ lưu của sông Tranh. Sông Tiên chảy ở vùng đất huyện Tiên Phước, một huyện trung du nằm ở phía Tây tỉnh Quảng Nam, Miền Trung Việt Nam."
Hệ thống sông Vu Gia – Thu Bồn,Sông Vang,Sông Vang là một con sông đổ ra Sông Thu Bồn. Sông có chiều dài 33 km và diện tích lưu vực là 240 km².
Hệ thống sông Vu Gia – Thu Bồn,Sông Vĩnh Điện,Sông Vĩnh Điện là một con sông đào ở Quảng Nam và Đà Nẵng. Sông có chiều dài là 23 km.
